{
  "models": [
    {
      "clusters": [
        [
          [
            0, 
            5, 
            6, 
            8, 
            10, 
            13, 
            14, 
            17, 
            19, 
            22, 
            24, 
            25, 
            27, 
            29, 
            30, 
            31, 
            32, 
            33, 
            36, 
            40, 
            42, 
            43, 
            44, 
            47, 
            49, 
            51, 
            53, 
            54, 
            57, 
            58, 
            60, 
            63, 
            64, 
            66, 
            69, 
            70, 
            71, 
            77, 
            79, 
            81, 
            88, 
            89, 
            90, 
            91, 
            93, 
            94, 
            95, 
            96, 
            98
          ], 
          [
            21, 
            28, 
            39, 
            61, 
            62, 
            87
          ], 
          [
            52
          ], 
          [
            11, 
            12, 
            50, 
            56, 
            68
          ], 
          [
            1, 
            2, 
            46, 
            59, 
            65, 
            76, 
            80, 
            83, 
            92, 
            97
          ], 
          [
            7, 
            15, 
            16, 
            23, 
            26, 
            38, 
            41, 
            45, 
            72, 
            74, 
            78, 
            82, 
            84, 
            86, 
            99
          ], 
          [
            4, 
            37, 
            85
          ], 
          [
            3, 
            9, 
            18, 
            20, 
            34, 
            35, 
            48, 
            55, 
            67, 
            73, 
            75
          ]
        ]
      ], 
      "cluster-crp-hyperparameters": [
        2.2122162910704524
      ], 
      "column-partition": [
        [
          "timepoint", 
          "arabinose", 
          "iptg", 
          "part_arac", 
          "part_laci", 
          "part_yfp", 
          "htpx", 
          "yciw", 
          "roxa", 
          "rrrq", 
          "wcaf"
        ]
      ], 
      "column-hypers": {
        "htpx": {
          "s": 38.124955295561811, 
          "r": 0.025725617436904359, 
          "m": 8.8676018386896551, 
          "nu": 28.275164010688709
        }, 
        "yciw": {
          "s": 57.77824447256161, 
          "r": 0.013611553248934052, 
          "m": 9.8998342664137926, 
          "nu": 101.00000000000003
        }, 
        "part_laci": {
          "s": 13.138193265589651, 
          "r": 3.0465037070047671, 
          "m": 1.5197607094827583, 
          "nu": 9.2811848367937877
        }, 
        "roxa": {
          "s": 27.749375551450068, 
          "r": 0.035366726772017146, 
          "m": 11.742168063103449, 
          "nu": 38.871758955937153
        }, 
        "timepoint": {
          "alpha": 1.0
        }, 
        "rrrq": {
          "s": 0.013085174383409663, 
          "r": 4.1882323905280092, 
          "m": 0.0, 
          "nu": 5.7578431684608189
        }, 
        "part_yfp": {
          "s": 453699.2169347172, 
          "r": 14.960531131965148, 
          "m": 89.259678448275864, 
          "nu": 4.1882323905280092
        }, 
        "arabinose": {
          "alpha": 1.0
        }, 
        "wcaf": {
          "s": 0.012667445076027566, 
          "r": 2.2160147698069141, 
          "m": 0.0, 
          "nu": 28.275164010688709
        }, 
        "iptg": {
          "alpha": 45.203536563602462
        }, 
        "part_arac": {
          "s": 1343.0399511020048, 
          "r": 1.6119203954064669, 
          "m": 6.3096000344827585, 
          "nu": 3.5720394039737324
        }
      }
    }, 
    {
      "clusters": [
        [
          [
            1, 
            2, 
            7, 
            15, 
            16, 
            26, 
            38, 
            41, 
            45, 
            65, 
            72, 
            78, 
            80, 
            82, 
            83, 
            84, 
            86, 
            97, 
            99
          ], 
          [
            59, 
            76, 
            92
          ], 
          [
            21, 
            39
          ], 
          [
            0, 
            5, 
            8, 
            10, 
            13, 
            14, 
            17, 
            19, 
            22, 
            24, 
            25, 
            27, 
            30, 
            31, 
            32, 
            33, 
            36, 
            42, 
            43, 
            44, 
            53, 
            57, 
            60, 
            63, 
            64, 
            66, 
            69, 
            70, 
            71, 
            77, 
            81, 
            88, 
            89, 
            90, 
            94, 
            95, 
            96, 
            98
          ], 
          [
            40, 
            79
          ], 
          [
            52
          ], 
          [
            11
          ], 
          [
            12, 
            50, 
            56, 
            68
          ], 
          [
            3, 
            4, 
            9, 
            18, 
            20, 
            34, 
            35, 
            37, 
            48, 
            55, 
            62, 
            67, 
            73, 
            75, 
            85, 
            87
          ], 
          [
            6, 
            58, 
            91
          ], 
          [
            49
          ], 
          [
            29, 
            51, 
            93
          ], 
          [
            61
          ], 
          [
            28
          ], 
          [
            23, 
            74
          ], 
          [
            46
          ], 
          [
            47
          ], 
          [
            54
          ]
        ]
      ], 
      "cluster-crp-hyperparameters": [
        5.7361525104486875
      ], 
      "column-partition": [
        [
          "timepoint", 
          "arabinose", 
          "iptg", 
          "part_arac", 
          "part_laci", 
          "part_yfp", 
          "htpx", 
          "yciw", 
          "roxa", 
          "rrrq", 
          "wcaf"
        ]
      ], 
      "column-hypers": {
        "htpx": {
          "s": 44.686347695289228, 
          "r": 0.025725617436904359, 
          "m": 10.599083035172413, 
          "nu": 28.275164010688709
        }, 
        "yciw": {
          "s": 57.77824447256161, 
          "r": 0.0099009900990098994, 
          "m": 5.1387635102068963, 
          "nu": 86.140391974730932
        }, 
        "part_laci": {
          "s": 5.066902444526546, 
          "r": 0.1736761441293857, 
          "m": 0.91185642568965508, 
          "nu": 10.882231285773074
        }, 
        "roxa": {
          "s": 115.86249321769569, 
          "r": 0.066842546643505724, 
          "m": 11.038486401758622, 
          "nu": 86.140391974730932
        }, 
        "timepoint": {
          "alpha": 1.0
        }, 
        "rrrq": {
          "s": 0.013085174383409663, 
          "r": 0.62037803036038686, 
          "m": 0.0, 
          "nu": 7.9156920775380781
        }, 
        "part_yfp": {
          "s": 281754.90023939416, 
          "r": 0.0099009900990098994, 
          "m": 803.33710603448276, 
          "nu": 86.140391974730932
        }, 
        "arabinose": {
          "alpha": 1.1721022975334803
        }, 
        "wcaf": {
          "s": 0.010807456911128294, 
          "r": 3.0465037070047671, 
          "m": 0.0, 
          "nu": 9.2811848367937877
        }, 
        "iptg": {
          "alpha": 100.00000000000004
        }, 
        "part_arac": {
          "s": 1145.8385107923073, 
          "r": 3.0465037070047671,