{
  "column-statistical-types": {
    "column_a": "numerical",
    "column_b": "numerical",
    "column_c": "numerical",
    "column_d": "numerical"
  },
  "categories": {},
  "models": [
    {
      "column-partition": [
        [
          "column_b",
          "column_a",
          "column_d",
          "column_c"
        ]
      ],
      "cluster-crp-hyperparameters": [
        1.86161110783997
      ],
      "clusters": [
        [
          [
            1,
            2,
            5,
            9,
            10,
            12,
            14,
            21,
            22,
            24,
            26,
            27,
            28
          ],
          [
            0,
            3,
            6,
            7,
            8,
            13,
            15,
            16,
            17,
            18,
            19,
            20,
            23,
            25,
            29
          ],
          [
            4,
            11
          ]
        ]
      ],
      "column-hypers": {
        "column_a": {
          "m": 6.82964575373325,
          "r": 1.6519132559793048,
          "s": 0.0573615251044868,
          "nu": 2.0
        },
        "column_b": {
          "m": 5.31757597583632,
          "r": 0.7688050166297915,
          "s": 0.018873918221350976,
          "nu": 1.8616111078399704
        },
        "column_c": {
          "m": 6.799990544390076,
          "r": 0.9763817547182219,
          "s": 0.09236708571873864,
          "nu": 1.6519132559793048
        },
        "column_d": {
          "m": 5.318838828589004,
          "r": 1.4312159587211128,
          "s": 0.04175318936560401,
          "nu": 1.8176431200757233
        }
      }
    }
  ]
}