{
  "column-statistical-types": {
    "column_a": "numerical",
    "column_b": "numerical",
    "column_c": "numerical",
    "column_d": "numerical"
  },
  "categories": {},
  "models": [
    {
      "column-partition": [
        [
          "column_b",
          "column_a",
          "column_d"
        ],
        [
          "column_c"
        ]
      ],
      "cluster-crp-hyperparameters": [
        0.44367839475775955,
        0.43497449328381627
      ],
      "clusters": [
        [
          [
            1,
            2,
            5
          ],
          [
            0,
            3,
            4,
            6,
            7,
            8
          ]
        ],
        [
          [
            0,
            3,
            5,
            6,
            7,
            8
          ],
          [
            1,
            2
          ],
          [
            4
          ]
        ]
      ],
      "column-hypers": {
        "column_a": {
          "m": 7.3468871330435945,
          "r": 0.5501630044727042,
          "s": 0.09236708571873864,
          "nu": 1.5012943823463352
        },
        "column_b": {
          "m": 5.31757597583632,
          "r": 0.5501630044727042,
          "s": 0.011721022975334809,
          "nu": 1.5748041437985785
        },
        "column_c": {
          "m": 6.972404337493525,
          "r": 0.7329182216919619,
          "s": 0.03562247890262443,
          "nu": 1.0489642553230345
        },
        "column_d": {
          "m": 5.491252621692452,
          "r": 1.906642661893268,
          "s": 0.23950266199874845,
          "nu": 1.8616111078399704
        }
      }
    }
  ]
}