{
  "column-statistical-types": {
    "column_a": "numerical",
    "column_b": "numerical",
    "column_c": "numerical",
    "column_d": "numerical"
  },
  "categories": {},
  "models": [
    {
      "column-partition": [
        [
          "column_b",
          "column_a",
          "column_d",
          "column_c"
        ]
      ],
      "cluster-crp-hyperparameters": [
        0.366459110845981
      ],
      "clusters": [
        [
          [
            1,
            2,
            5,
            9,
            10,
            12,
            14,
            21,
            22,
            24,
            26,
            27,
            28,
            30,
            31,
            33,
            36
          ],
          [
            0,
            3,
            4,
            6,
            7,
            8,
            11,
            13,
            15,
            16,
            17,
            18,
            19,
            20,
            23,
            25,
            29,
            32,
            34,
            35,
            37
          ]
        ]
      ],
      "column-hypers": {
        "column_a": {
          "m": 6.657231960629802,
          "r": 0.5,
          "s": 0.10826367338740543,
          "nu": 1.7747135790310382
        },
        "column_b": {
          "m": 5.31757597583632,
          "r": 1.364408702640074,
          "s": 0.010000000000000004,
          "nu": 1.8616111078399704
        },
        "column_c": {
          "m": 6.799990544390076,
          "r": 0.6053586629808654,
          "s": 0.23950266199874845,
          "nu": 2.0
        },
        "column_d": {
          "m": 5.318838828589004,
          "r": 0.6349995991170713,
          "s": 0.022122162910704495,
          "nu": 1.3974131491568424
        }
      }
    }
  ]
}