{
  "column-statistical-types": {
    "age": "numerical",
    "bmi": "numerical",
    "response_t_1": "nominal",
    "gender": "nominal",
    "pharma_kin_t_1": "numerical",
    "rating_t_1": "nominal",
    "antigen_t_1": "numerical"
  },
  "categories": {
    "rating_t_2": [
      "False",
      "True"
    ],
    "response_t_1": [
      "False",
      "True"
    ],
    "gender": [
      "False",
      "True"
    ],
    "response_t_3": [
      "False",
      "True"
    ],
    "rating_t_1": [
      "False",
      "True"
    ],
    "response_t_2": [
      "False",
      "True"
    ]
  },
  "models": [
    {
      "column-partition": [
        [
          "age",
          "bmi",
          "gender",
          "response_t_1",
          "rating_t_1"
        ],
        [
          "antigen_t_1",
          "pharma_kin_t_1"
        ]
      ],
      "cluster-crp-hyperparameters": [
        1.6478653638303955,
        0.17615219352387726
      ],
      "clusters": [
        [
          [
            4,
            5,
            6,
            8,
            9,
            12,
            15,
            16
          ],
          [
            0,
            1,
            7,
            10,
            11,
            13,
            14
          ],
          [
            2
          ],
          [
            3,
            17
          ],
          [
            18
          ]
        ],
        [
          [
            0,
            1,
            2,
            3,
            4,
            6,
            9,
            10,
            11,
            12,
            13,
            15,
            17
          ],
          [
            5,
            7,
            8,
            14,
            16,
            18
          ]
        ]
      ],
      "column-hypers": {
        "age": {
          "m": 32.99140062797101,
          "r": 0.6053586629808654,
          "s": 0.03039195382313199,
          "nu": 1.1542026525859868
        },
        "bmi": {
          "m": 23.645365396024186,
          "r": 0.6349995991170713,
          "s": 0.06723357536499339,
          "nu": 1.9527635094364437
        },
        "response_t_1": {
          "alpha": 1.0
        },
        "gender": {
          "alpha": 1.0
        },
        "pharma_kin_t_1": {
          "m": 7.202585842542385,
          "r": 1.8176431200757233,
          "s": 0.025929437974046683,
          "nu": 1.9527635094364437
        },
        "rating_t_1": {
          "alpha": 1.0
        },
        "antigen_t_1": {
          "m": 7.341152869549006,
          "r": 0.6660918816182642,
          "s": 0.016102620275609394,
          "nu": 1.8616111078399704
        }
      }
    }
  ]
}