{
  "column-statistical-types": {
    "column_a": "numerical",
    "column_b": "numerical",
    "column_c": "numerical",
    "column_d": "numerical"
  },
  "categories": {},
  "models": [
    {
      "column-partition": [
        [
          "column_b",
          "column_a",
          "column_d",
          "column_c"
        ]
      ],
      "cluster-crp-hyperparameters": [
        0.5371691196881078
      ],
      "clusters": [
        [
          [
            1,
            2,
            5,
            9,
            10,
            12,
            14,
            21,
            22,
            24,
            26,
            27,
            28,
            30,
            31,
            33,
            36,
            38,
            39,
            40,
            41,
            42,
            46,
            50
          ],
          [
            0,
            3,
            4,
            6,
            7,
            8,
            11,
            13,
            15,
            16,
            17,
            18,
            19,
            20,
            23,
            25,
            29,
            32,
            34,
            35,
            37,
            43,
            44,
            45,
            47,
            48,
            49,
            51
          ]
        ]
      ],
      "column-hypers": {
        "column_a": {
          "m": 6.657231960629802,
          "r": 0.6987065745784212,
          "s": 0.0573615251044868,
          "nu": 1.4658364433839237
        },
        "column_b": {
          "m": 5.31757597583632,
          "r": 0.6660918816182642,
          "s": 0.010000000000000004,
          "nu": 1.126942411232332
        },
        "column_c": {
          "m": 6.627576751286628,
          "r": 1.732797958416581,
          "s": 0.04893900918477494,
          "nu": 1.0
        },
        "column_d": {
          "m": 5.318838828589004,
          "r": 1.501294382346335,
          "s": 0.018873918221350976,
          "nu": 1.182122307190268
        }
      }
    }
  ]
}