{
  "column-statistical-types": {
    "column_a": "numerical",
    "column_b": "numerical",
    "column_c": "numerical",
    "column_d": "numerical"
  },
  "categories": {},
  "models": [
    {
      "column-partition": [
        [
          "column_b",
          "column_a",
          "column_d",
          "column_c"
        ]
      ],
      "cluster-crp-hyperparameters": [
        0.591061153595134
      ],
      "clusters": [
        [
          [
            1,
            2,
            5,
            9
          ],
          [
            0,
            3,
            4,
            6,
            7,
            8
          ]
        ]
      ],
      "column-hypers": {
        "column_a": {
          "m": 6.82964575373325,
          "r": 0.8873567895155191,
          "s": 0.07880462815669913,
          "nu": 1.182122307190268
        },
        "column_b": {
          "m": 5.31757597583632,
          "r": 0.7329182216919619,
          "s": 0.010000000000000004,
          "nu": 1.2699991982341425
        },
        "column_c": {
          "m": 6.627576751286628,
          "r": 0.6053586629808654,
          "s": 0.04893900918477494,
          "nu": 1.1003260089454083
        },
        "column_d": {
          "m": 5.663666414795901,
          "r": 1.364408702640074,
          "s": 0.03562247890262443,
          "nu": 1.0241895602489972
        }
      }
    }
  ]
}