{
  "column-statistical-types": {
    "column_a": "numerical",
    "column_b": "numerical",
    "column_c": "numerical",
    "column_d": "numerical"
  },
  "categories": {},
  "models": [
    {
      "column-partition": [
        [
          "column_b",
          "column_a",
          "column_d",
          "column_c"
        ]
      ],
      "cluster-crp-hyperparameters": [
        0.3330459408091321
      ],
      "clusters": [
        [
          [
            1,
            2,
            5,
            9,
            10,
            12,
            14,
            21,
            22,
            24,
            26
          ],
          [
            0,
            3,
            4,
            6,
            7,
            8,
            11,
            13,
            15,
            16,
            17,
            18,
            19,
            20,
            23,
            25
          ]
        ]
      ],
      "column-hypers": {
        "column_a": {
          "m": 7.002059546836699,
          "r": 1.364408702640074,
          "s": 0.5298316906283708,
          "nu": 1.906642661893268
        },
        "column_b": {
          "m": 5.31757597583632,
          "r": 0.7688050166297915,
          "s": 0.010000000000000004,
          "nu": 1.0
        },
        "column_c": {
          "m": 6.799990544390076,
          "r": 0.5,
          "s": 0.03039195382313199,
          "nu": 1.6918723112109335
        },
        "column_d": {
          "m": 5.491252621692452,
          "r": 0.5,
          "s": 0.03039195382313199,
          "nu": 1.0
        }
      }
    }
  ]
}