{
  "column-statistical-types": {
    "column_a": "numerical",
    "column_b": "numerical",
    "column_c": "numerical",
    "column_d": "numerical"
  },
  "categories": {},
  "models": [
    {
      "column-partition": [
        [
          "column_b",
          "column_a",
          "column_d",
          "column_c"
        ]
      ],
      "cluster-crp-hyperparameters": [
        1.3974131491568422
      ],
      "clusters": [
        [
          [
            1,
            2,
            5,
            9,
            10
          ],
          [
            0,
            3,
            6,
            7,
            8,
            11
          ],
          [
            4
          ]
        ]
      ],
      "column-hypers": {
        "column_a": {
          "m": 7.174473339940146,
          "r": 1.906642661893268,
          "s": 0.018873918221350976,
          "nu": 1.3974131491568424
        },
        "column_b": {
          "m": 5.31757597583632,
          "r": 0.6987065745784212,
          "s": 0.010000000000000004,
          "nu": 1.5748041437985785
        },
        "column_c": {
          "m": 6.972404337493525,
          "r": 1.8176431200757233,
          "s": 0.06723357536499339,
          "nu": 2.0
        },
        "column_d": {
          "m": 5.491252621692452,
          "r": 1.126942411232332,
          "s": 0.010000000000000004,
          "nu": 1.2107173259617308
        }
      }
    }
  ]
}