{
  "column-statistical-types": {
    "column_a": "numerical",
    "column_b": "numerical",
    "column_c": "numerical",
    "column_d": "numerical"
  },
  "categories": {},
  "models": [
    {
      "column-partition": [
        [
          "column_b",
          "column_a",
          "column_d",
          "column_c"
        ]
      ],
      "cluster-crp-hyperparameters": [
        0.2750815022363521
      ],
      "clusters": [
        [
          [
            1,
            2,
            5,
            9,
            10,
            12,
            14
          ],
          [
            0,
            3,
            4,
            6,
            7,
            8,
            11,
            13,
            15,
            16,
            17
          ]
        ]
      ],
      "column-hypers": {
        "column_a": {
          "m": 7.174473339940146,
          "r": 1.126942411232332,
          "s": 0.04893900918477494,
          "nu": 1.4658364433839237
        },
        "column_b": {
          "m": 5.31757597583632,
          "r": 0.9763817547182219,
          "s": 0.011721022975334809,
          "nu": 1.7327979584165807
        },
        "column_c": {
          "m": 6.799990544390076,
          "r": 0.6053586629808654,
          "s": 0.03039195382313199,
          "nu": 1.1003260089454083
        },
        "column_d": {
          "m": 5.318838828589004,
          "r": 1.6519132559793048,
          "s": 0.04175318936560401,
          "nu": 1.6128979635153649
        }
      }
    }
  ]
}