{
  "column-statistical-types": {
    "column_a": "numerical",
    "column_b": "numerical",
    "column_c": "numerical",
    "column_d": "numerical"
  },
  "categories": {},
  "models": [
    {
      "column-partition": [
        [
          "column_b",
          "column_a",
          "column_d",
          "column_c"
        ]
      ],
      "cluster-crp-hyperparameters": [
        0.8663989792082905
      ],
      "clusters": [
        [
          [
            1,
            2,
            5,
            9,
            10,
            12,
            14,
            21,
            22,
            24
          ],
          [
            0,
            3,
            4,
            6,
            7,
            8,
            11,
            13,
            15,
            16,
            17,
            18,
            19,
            20,
            23,
            25
          ]
        ]
      ],
      "column-hypers": {
        "column_a": {
          "m": 6.82964575373325,
          "r": 1.126942411232332,
          "s": 0.3290344562312668,
          "nu": 1.8616111078399704
        },
        "column_b": {
          "m": 5.31757597583632,
          "r": 0.6987065745784212,
          "s": 0.010000000000000004,
          "nu": 1.0
        },
        "column_c": {
          "m": 6.627576751286628,
          "r": 0.6349995991170713,
          "s": 0.025929437974046683,
          "nu": 1.0
        },
        "column_d": {
          "m": 5.318838828589004,
          "r": 0.8459361556054668,
          "s": 0.03562247890262443,
          "nu": 1.2699991982341425
        }
      }
    }
  ]
}