{
  "column-statistical-types": {
    "column_a": "numerical",
    "column_b": "numerical",
    "column_c": "numerical",
    "column_d": "numerical"
  },
  "categories": {},
  "models": [
    {
      "column-partition": [
        [
          "column_d",
          "column_b"
        ],
        [
          "column_a",
          "column_c"
        ]
      ],
      "cluster-crp-hyperparameters": [
        1.0,
        1.5376100332595828
      ],
      "clusters": [
        [
          [
            1,
            2
          ],
          [
            0,
            3
          ]
        ],
        [
          [
            0
          ],
          [
            1,
            2
          ],
          [
            3
          ]
        ]
      ],
      "column-hypers": {
        "column_a": {
          "m": 6.657231960629802,
          "r": 1.182122307190268,
          "s": 0.28072162039411763,
          "nu": 1.5012943823463352
        },
        "column_b": {
          "m": 5.662403562043217,
          "r": 0.8459361556054668,
          "s": 0.17433288221999876,
          "nu": 1.3974131491568424
        },
        "column_c": {
          "m": 7.144818130596973,
          "r": 0.6660918816182642,
          "s": 0.0573615251044868,
          "nu": 1.5748041437985785
        },
        "column_d": {
          "m": 6.008494001002798,
          "r": 0.6349995991170713,
          "s": 0.07880462815669913,
          "nu": 1.1003260089454083
        }
      }
    }
  ]
}