{
  "column-statistical-types": {
    "age": "numerical",
    "bmi": "numerical",
    "response_t_1": "nominal",
    "gender": "nominal",
    "pharma_kin_t_1": "numerical",
    "rating_t_1": "nominal",
    "antigen_t_1": "numerical"
  },
  "categories": {
    "rating_t_2": [
      "False",
      "True"
    ],
    "response_t_1": [
      "False",
      "True"
    ],
    "gender": [
      "False",
      "True"
    ],
    "response_t_3": [
      "False",
      "True"
    ],
    "rating_t_1": [
      "False",
      "True"
    ],
    "response_t_2": [
      "False",
      "True"
    ]
  },
  "models": [
    {
      "column-partition": [
        [
          "age",
          "bmi",
          "gender",
          "response_t_1",
          "rating_t_1",
          "pharma_kin_t_1"
        ],
        [
          "antigen_t_1"
        ]
      ],
      "cluster-crp-hyperparameters": [
        1.0570667539423537,
        0.5605693545310533
      ],
      "clusters": [
        [
          [
            4,
            5,
            6,
            8,
            9,
            12,
            15,
            16
          ],
          [
            1,
            7,
            10,
            11,
            13,
            14
          ],
          [
            2
          ],
          [
            0,
            3,
            17
          ]
        ],
        [
          [
            0,
            1,
            2,
            3,
            4,
            6,
            9,
            10,
            11,
            12,
            13,
            15,
            17
          ],
          [
            5,
            7,
            8,
            14,
            16
          ]
        ]
      ],
      "column-hypers": {
        "age": {
          "m": 33.163814421074456,
          "r": 0.8873567895155191,
          "s": 0.018873918221350976,
          "nu": 1.0489642553230345
        },
        "bmi": {
          "m": 23.472951602920737,
          "r": 0.8459361556054668,
          "s": 0.016102620275609394,
          "nu": 1.0743382393762158
        },
        "response_t_1": {
          "alpha": 1.0
        },
        "gender": {
          "alpha": 1.0
        },
        "pharma_kin_t_1": {
          "m": 6.857758256335489,
          "r": 0.8873567895155191,
          "s": 0.14873521072935117,
          "nu": 1.126942411232332
        },
        "rating_t_1": {
          "alpha": 1.0
        },
        "antigen_t_1": {
          "m": 7.513566662652455,
          "r": 0.7329182216919619,
          "s": 0.03039195382313199,
          "nu": 1.5012943823463352
        }
      }
    }
  ]
}