{
  "column-statistical-types": {
    "column_a": "numerical",
    "column_b": "numerical",
    "column_c": "numerical",
    "column_d": "numerical"
  },
  "categories": {},
  "models": [
    {
      "column-partition": [
        [
          "column_b",
          "column_a",
          "column_d",
          "column_c"
        ]
      ],
      "cluster-crp-hyperparameters": [
        0.2750815022363521
      ],
      "clusters": [
        [
          [
            1,
            2,
            5,
            9,
            10,
            12,
            14,
            21,
            22,
            24,
            26,
            27,
            28,
            30
          ],
          [
            0,
            3,
            4,
            6,
            7,
            8,
            11,
            13,
            15,
            16,
            17,
            18,
            19,
            20,
            23,
            25,
            29
          ]
        ]
      ],
      "column-hypers": {
        "column_a": {
          "m": 6.82964575373325,
          "r": 0.5,
          "s": 0.018873918221350976,
          "nu": 1.126942411232332
        },
        "column_b": {
          "m": 5.31757597583632,
          "r": 0.7329182216919619,
          "s": 0.010000000000000004,
          "nu": 1.9527635094364437
        },
        "column_c": {
          "m": 6.799990544390076,
          "r": 0.9763817547182219,
          "s": 0.03039195382313199,
          "nu": 1.6918723112109335
        },
        "column_d": {
          "m": 5.318838828589004,
          "r": 0.6987065745784212,
          "s": 0.03039195382313199,
          "nu": 1.9527635094364437
        }
      }
    }
  ]
}