{
  "column-statistical-types": {
    "column_a": "numerical",
    "column_b": "numerical",
    "column_c": "numerical",
    "column_d": "numerical"
  },
  "categories": {},
  "models": [
    {
      "column-partition": [
        [
          "column_b",
          "column_a",
          "column_d",
          "column_c"
        ]
      ],
      "cluster-crp-hyperparameters": [
        0.5371691196881078
      ],
      "clusters": [
        [
          [
            1,
            2,
            5,
            9,
            10,
            12,
            14,
            21,
            22,
            24,
            26,
            27,
            28,
            30,
            31,
            33,
            36,
            38,
            39,
            40,
            41,
            42,
            46
          ],
          [
            0,
            3,
            4,
            6,
            7,
            8,
            11,
            13,
            15,
            16,
            17,
            18,
            19,
            20,
            23,
            25,
            29,
            32,
            34,
            35,
            37,
            43,
            44,
            45,
            47,
            48
          ]
        ]
      ],
      "column-hypers": {
        "column_a": {
          "m": 6.657231960629802,
          "r": 1.732797958416581,
          "s": 0.5298316906283708,
          "nu": 1.3644087026400742
        },
        "column_b": {
          "m": 5.31757597583632,
          "r": 1.364408702640074,
          "s": 0.011721022975334809,
          "nu": 1.906642661893268
        },
        "column_c": {
          "m": 6.627576751286628,
          "r": 0.8459361556054668,
          "s": 0.12689610031679222,
          "nu": 1.431215958721113
        },
        "column_d": {
          "m": 5.318838828589004,
          "r": 0.5771013262929935,
          "s": 0.0573615251044868,
          "nu": 1.5012943823463352
        }
      }
    }
  ]
}