{
  "column-statistical-types": {
    "column_a": "numerical",
    "column_b": "numerical",
    "column_c": "numerical",
    "column_d": "numerical"
  },
  "categories": {},
  "models": [
    {
      "column-partition": [
        [
          "column_b",
          "column_a",
          "column_d",
          "column_c"
        ]
      ],
      "cluster-crp-hyperparameters": [
        0.3330459408091321
      ],
      "clusters": [
        [
          [
            1,
            2,
            5,
            9,
            10,
            12,
            14,
            21,
            22,
            24,
            26,
            27,
            28,
            30,
            31,
            33,
            36,
            38,
            39,
            40,
            41,
            42,
            46,
            50,
            56,
            57,
            59,
            61,
            62,
            63,
            64,
            67
          ],
          [
            0,
            3,
            4,
            6,
            7,
            8,
            11,
            13,
            15,
            16,
            17,
            18,
            19,
            20,
            23,
            25,
            29,
            32,
            34,
            35,
            37,
            43,
            44,
            45,
            47,
            48,
            49,
            51,
            52,
            53,
            54,
            55,
            58,
            60,
            65,
            66
          ]
        ]
      ],
      "column-hypers": {
        "column_a": {
          "m": 6.82964575373325,
          "r": 0.6053586629808654,
          "s": 0.09236708571873864,
          "nu": 1.240004045662587
        },
        "column_b": {
          "m": 5.31757597583632,
          "r": 0.6053586629808654,
          "s": 0.010000000000000004,
          "nu": 1.3007199203560056
        },
        "column_c": {
          "m": 6.972404337493525,
          "r": 0.9763817547182219,
          "s": 0.018873918221350976,
          "nu": 1.332183763236528
        },
        "column_d": {
          "m": 5.318838828589004,
          "r": 1.4312159587211128,
          "s": 0.016102620275609394,
          "nu": 1.3974131491568424
        }
      }
    }
  ]
}