{
  "column-statistical-types": {
    "column_a": "numerical",
    "column_b": "numerical",
    "column_c": "numerical",
    "column_d": "numerical"
  },
  "categories": {},
  "models": [
    {
      "column-partition": [
        [
          "column_b"
        ],
        [
          "column_c",
          "column_d"
        ],
        [
          "column_a"
        ]
      ],
      "cluster-crp-hyperparameters": [
        0.6503599601780028,
        0.6068456937983941,
        6.0
      ],
      "clusters": [
        [
          [
            1,
            2,
            5
          ],
          [
            0,
            3,
            4
          ]
        ],
        [
          [
            0,
            3,
            4,
            5
          ],
          [
            1,
            2
          ]
        ],
        [
          [
            0
          ],
          [
            1,
            2,
            5
          ],
          [
            3
          ],
          [
            4
          ]
        ]
      ],
      "column-hypers": {
        "column_a": {
          "m": 6.657231960629802,
          "r": 1.501294382346335,
          "s": 0.025929437974046683,
          "nu": 1.0743382393762158
        },
        "column_b": {
          "m": 5.31757597583632,
          "r": 1.3007199203560056,
          "s": 0.010000000000000004,
          "nu": 1.3644087026400742
        },
        "column_c": {
          "m": 6.799990544390076,
          "r": 0.5244821276615173,
          "s": 0.04175318936560401,
          "nu": 1.6128979635153649
        },
        "column_d": {
          "m": 5.836080207899349,
          "r": 1.126942411232332,
          "s": 0.385662042116347,
          "nu": 1.431215958721113
        }
      }
    }
  ]
}