{
  "column-statistical-types": {
    "column_a": "numerical",
    "column_b": "numerical",
    "column_c": "numerical",
    "column_d": "numerical"
  },
  "categories": {},
  "models": [
    {
      "column-partition": [
        [
          "column_b",
          "column_a",
          "column_d",
          "column_c"
        ]
      ],
      "cluster-crp-hyperparameters": [
        0.6503599601780028
      ],
      "clusters": [
        [
          [
            1,
            2,
            5,
            9,
            10,
            12,
            14,
            21,
            22,
            24,
            26,
            27,
            28,
            30,
            31,
            33,
            36,
            38,
            39,
            40,
            41,
            42,
            46,
            50
          ],
          [
            0,
            3,
            4,
            6,
            7,
            8,
            11,
            13,
            15,
            16,
            17,
            18,
            19,
            20,
            23,
            25,
            29,
            32,
            34,
            35,
            37,
            43,
            44,
            45,
            47,
            48,
            49
          ]
        ]
      ],
      "column-hypers": {
        "column_a": {
          "m": 6.82964575373325,
          "r": 0.5,
          "s": 0.20433597178569418,
          "nu": 1.8616111078399704
        },
        "column_b": {
          "m": 5.31757597583632,
          "r": 0.6987065745784212,
          "s": 0.010000000000000004,
          "nu": 2.0
        },
        "column_c": {
          "m": 6.799990544390076,
          "r": 0.9763817547182219,
          "s": 0.0573615251044868,
          "nu": 2.0
        },
        "column_d": {
          "m": 5.318838828589004,
          "r": 1.906642661893268,
          "s": 0.03562247890262443,
          "nu": 1.8616111078399704
        }
      }
    }
  ]
}