{
  "column-statistical-types": {
    "overall_res_visit_1": "nominal",
    "ecog_visit_1": "nominal",
    "psa_visit_1": "numerical",
    "pk_visit_1": "numerical",
    "age": "numerical",
    "bmi": "numerical",
    "gender": "nominal"
  },
  "categories": {
    "overall_res_visit_1": [
      "0.0",
      "1.0"
    ],
    "ecog_visit_1": [
      "0.0",
      "1.0"
    ],
    "overall_res_visit_2": [
      "0.0",
      "1.0"
    ],
    "ecog_visit_2": [
      "0.0",
      "1.0"
    ],
    "ecog_visit_3": [
      "0.0",
      "1.0"
    ],
    "gender": [
      "0.0",
      "1.0"
    ]
  },
  "models": [
    {
      "column-partition": [
        [
          "age",
          "bmi",
          "gender"
        ],
        [
          "psa_visit_1",
          "ecog_visit_1"
        ],
        [
          "overall_res_visit_1",
          "pk_visit_1"
        ]
      ],
      "cluster-crp-hyperparameters": [
        1.038609897842623,
        0.5371691196881078,
        9.000000000000002
      ],
      "clusters": [
        [
          [
            0,
            1,
            2,
            3,
            7
          ],
          [
            4,
            5,
            6,
            8
          ]
        ],
        [
          [
            0,
            1,
            4
          ],
          [
            5,
            6,
            7,
            8
          ],
          [
            2,
            3
          ]
        ],
        [
          [
            0,
            5,
            8
          ],
          [
            1,
            4
          ],
          [
            2
          ],
          [
            3
          ],
          [
            6
          ],
          [
            7
          ]
        ]
      ],
      "column-hypers": {
        "overall_res_visit_1": {
          "alpha": 1.0
        },
        "ecog_visit_1": {
          "alpha": 1.0
        },
        "psa_visit_1": {
          "m": 7.341152869549006,
          "r": 1.5748041437985787,
          "s": 0.011721022975334809,
          "nu": 1.4658364433839237
        },
        "pk_visit_1": {
          "m": 6.685344463232041,
          "r": 1.126942411232332,
          "s": 0.025929437974046683,
          "nu": 1.0
        },
        "age": {
          "m": 8.311799421001462,
          "r": 0.7329182216919619,
          "s": 0.011721022975334809,
          "nu": 1.1003260089454083
        },
        "bmi": {
          "m": 5.40356991613299,
          "r": 0.8873567895155191,
          "s": 0.04893900918477494,
          "nu": 1.4658364433839237
        },
        "gender": {
          "alpha": 1.0
        }
      }
    }
  ]
}