{
  "column-statistical-types": {
    "column_a": "numerical",
    "column_b": "numerical",
    "column_c": "numerical",
    "column_d": "numerical"
  },
  "categories": {},
  "models": [
    {
      "column-partition": [
        [
          "column_b",
          "column_a",
          "column_d",
          "column_c"
        ]
      ],
      "cluster-crp-hyperparameters": [
        0.2750815022363521
      ],
      "clusters": [
        [
          [
            1,
            2,
            5,
            9,
            10,
            12,
            14
          ],
          [
            0,
            3,
            4,
            6,
            7,
            8,
            11,
            13
          ]
        ]
      ],
      "column-hypers": {
        "column_a": {
          "m": 7.002059546836699,
          "r": 0.5771013262929935,
          "s": 0.09236708571873864,
          "nu": 1.332183763236528
        },
        "column_b": {
          "m": 5.31757597583632,
          "r": 0.5244821276615173,
          "s": 0.013738237958832639,
          "nu": 1.2699991982341425
        },
        "column_c": {
          "m": 6.799990544390076,
          "r": 1.6519132559793048,
          "s": 0.06723357536499339,
          "nu": 1.6128979635153649
        },
        "column_d": {
          "m": 5.836080207899349,
          "r": 0.5244821276615173,
          "s": 0.022122162910704495,
          "nu": 1.126942411232332
        }
      }
    }
  ]
}