{
  "column-statistical-types": {
    "column_a": "numerical",
    "column_b": "numerical",
    "column_c": "numerical",
    "column_d": "numerical"
  },
  "categories": {},
  "models": [
    {
      "column-partition": [
        [
          "column_b",
          "column_a",
          "column_d",
          "column_c"
        ]
      ],
      "cluster-crp-hyperparameters": [
        0.44367839475775955
      ],
      "clusters": [
        [
          [
            1,
            2,
            5,
            9,
            10,
            12,
            14,
            21,
            22,
            24,
            26,
            27,
            28,
            30,
            31,
            33
          ],
          [
            0,
            3,
            4,
            6,
            7,
            8,
            11,
            13,
            15,
            16,
            17,
            18,
            19,
            20,
            23,
            25,
            29,
            32,
            34
          ]
        ]
      ],
      "column-hypers": {
        "column_a": {
          "m": 6.657231960629802,
          "r": 0.8873567895155191,
          "s": 0.385662042116347,
          "nu": 1.4658364433839237
        },
        "column_b": {
          "m": 5.31757597583632,
          "r": 0.5,
          "s": 0.022122162910704495,
          "nu": 1.4658364433839237
        },
        "column_c": {
          "m": 6.799990544390076,
          "r": 0.7329182216919619,
          "s": 0.23950266199874845,
          "nu": 1.2699991982341425
        },
        "column_d": {
          "m": 5.318838828589004,
          "r": 0.8873567895155191,
          "s": 0.03562247890262443,
          "nu": 1.8616111078399704
        }
      }
    }
  ]
}