{
  "column-statistical-types": {
    "column_a": "numerical",
    "column_b": "numerical",
    "column_c": "numerical",
    "column_d": "numerical"
  },
  "categories": {},
  "models": [
    {
      "column-partition": [
        [
          "column_b",
          "column_a",
          "column_d",
          "column_c"
        ]
      ],
      "cluster-crp-hyperparameters": [
        0.4032244908788412
      ],
      "clusters": [
        [
          [
            1,
            2,
            5,
            9,
            10,
            12,
            14,
            21,
            22,
            24,
            26,
            27,
            28,
            30,
            31,
            33,
            36,
            38,
            39,
            40,
            41,
            42,
            46,
            50,
            56,
            57,
            59,
            61,
            62,
            63,
            64,
            67,
            68,
            70,
            72,
            73,
            74,
            75,
            78,
            79,
            80,
            84
          ],
          [
            0,
            3,
            4,
            6,
            7,
            8,
            11,
            13,
            15,
            16,
            17,
            18,
            19,
            20,
            23,
            25,
            29,
            32,
            34,
            35,
            37,
            43,
            44,
            45,
            47,
            48,
            49,
            51,
            52,
            53,
            54,
            55,
            58,
            60,
            65,
            66,
            69,
            71,
            76,
            77,
            81,
            82,
            83,
            85,
            86,
            87
          ]
        ]
      ],
      "column-hypers": {
        "column_a": {
          "m": 6.82964575373325,
          "r": 0.9308055539199852,
          "s": 0.03562247890262443,
          "nu": 1.5012943823463352
        },
        "column_b": {
          "m": 5.31757597583632,
          "r": 0.5771013262929935,
          "s": 0.010000000000000004,
          "nu": 1.3974131491568424
        },
        "column_c": {
          "m": 6.627576751286628,
          "r": 0.7688050166297915,
          "s": 0.025929437974046683,
          "nu": 1.0
        },
        "column_d": {
          "m": 5.318838828589004,
          "r": 0.7329182216919619,
          "s": 0.016102620275609394,
          "nu": 1.2699991982341425
        }
      }
    }
  ]
}