{
  "column-statistical-types": {
    "column_a": "numerical",
    "column_b": "numerical",
    "column_c": "numerical",
    "column_d": "numerical"
  },
  "categories": {},
  "models": [
    {
      "column-partition": [
        [
          "column_b",
          "column_a",
          "column_d",
          "column_c"
        ]
      ],
      "cluster-crp-hyperparameters": [
        0.48819087735911093
      ],
      "clusters": [
        [
          [
            1,
            2,
            5,
            9,
            10,
            12,
            14
          ],
          [
            0,
            3,
            4,
            6,
            7,
            8,
            11,
            13,
            15,
            16,
            17,
            18,
            19,
            20
          ]
        ]
      ],
      "column-hypers": {
        "column_a": {
          "m": 6.657231960629802,
          "r": 0.5244821276615173,
          "s": 0.07880462815669913,
          "nu": 1.0241895602489972
        },
        "column_b": {
          "m": 5.31757597583632,
          "r": 0.5501630044727042,
          "s": 0.010000000000000004,
          "nu": 1.0489642553230345
        },
        "column_c": {
          "m": 6.627576751286628,
          "r": 1.240004045662587,
          "s": 0.013738237958832639,
          "nu": 1.332183763236528
        },
        "column_d": {
          "m": 5.491252621692452,
          "r": 1.4312159587211128,
          "s": 0.018873918221350976,
          "nu": 1.0241895602489972
        }
      }
    }
  ]
}