{
  "column-statistical-types": {
    "column_a": "numerical",
    "column_b": "numerical",
    "column_c": "numerical",
    "column_d": "numerical"
  },
  "categories": {},
  "models": [
    {
      "column-partition": [
        [
          "column_b",
          "column_a",
          "column_d",
          "column_c"
        ]
      ],
      "cluster-crp-hyperparameters": [
        0.8663989792082905
      ],
      "clusters": [
        [
          [
            1,
            2,
            5,
            9,
            10,
            12,
            14,
            21,
            22,
            24,
            26,
            27,
            28,
            30,
            31,
            33,
            36,
            38,
            39,
            40,
            41
          ],
          [
            0,
            3,
            4,
            6,
            7,
            8,
            11,
            13,
            15,
            16,
            17,
            18,
            19,
            20,
            23,
            25,
            29,
            32,
            34,
            35,
            37
          ]
        ]
      ],
      "column-hypers": {
        "column_a": {
          "m": 7.002059546836699,
          "r": 0.6349995991170713,
          "s": 0.06723357536499339,
          "nu": 1.3974131491568424
        },
        "column_b": {
          "m": 5.31757597583632,
          "r": 0.7329182216919619,
          "s": 0.013738237958832639,
          "nu": 2.0
        },
        "column_c": {
          "m": 6.799990544390076,
          "r": 0.5244821276615173,
          "s": 0.018873918221350976,
          "nu": 1.332183763236528
        },
        "column_d": {
          "m": 5.318838828589004,
          "r": 0.5,
          "s": 0.06723357536499339,
          "nu": 1.3974131491568424
        }
      }
    }
  ]
}