{
  "column-statistical-types": {
    "column_a": "numerical",
    "column_b": "numerical",
    "column_c": "numerical",
    "column_d": "numerical"
  },
  "categories": {},
  "models": [
    {
      "column-partition": [
        [
          "column_b",
          "column_a",
          "column_d",
          "column_c"
        ]
      ],
      "cluster-crp-hyperparameters": [
        1.2699991982341423
      ],
      "clusters": [
        [
          [
            1,
            2,
            5,
            9,
            10
          ],
          [
            0,
            3,
            4,
            6,
            7,
            8
          ]
        ]
      ],
      "column-hypers": {
        "column_a": {
          "m": 7.174473339940146,
          "r": 0.6349995991170713,
          "s": 0.011721022975334809,
          "nu": 1.1542026525859868
        },
        "column_b": {
          "m": 5.489989768939768,
          "r": 1.3007199203560056,
          "s": 0.018873918221350976,
          "nu": 1.126942411232332
        },
        "column_c": {
          "m": 6.799990544390076,
          "r": 0.8873567895155191,
          "s": 0.07880462815669913,
          "nu": 1.2699991982341425
        },
        "column_d": {
          "m": 5.491252621692452,
          "r": 0.8459361556054668,
          "s": 0.03039195382313199,
          "nu": 1.6918723112109335
        }
      }
    }
  ]
}