{
  "column-statistical-types": {
    "overall_res_visit_1": "nominal",
    "ecog_visit_1": "nominal",
    "psa_visit_1": "numerical",
    "pk_visit_1": "numerical",
    "age": "numerical",
    "bmi": "numerical",
    "gender": "nominal"
  },
  "categories": {
    "overall_res_visit_1": [
      "0.0",
      "1.0"
    ],
    "ecog_visit_1": [
      "0.0",
      "1.0"
    ],
    "overall_res_visit_2": [
      "0.0",
      "1.0"
    ],
    "ecog_visit_2": [
      "0.0",
      "1.0"
    ],
    "ecog_visit_3": [
      "0.0",
      "1.0"
    ],
    "gender": [
      "0.0",
      "1.0"
    ]
  },
  "models": [
    {
      "column-partition": [
        [
          "pk_visit_1",
          "overall_res_visit_1",
          "gender",
          "psa_visit_1"
        ],
        [
          "bmi"
        ],
        [
          "ecog_visit_1"
        ],
        [
          "age"
        ]
      ],
      "cluster-crp-hyperparameters": [
        1.5169701240109508,
        0.4032244908788412,
        4.0,
        1.86161110783997
      ],
      "clusters": [
        [
          [
            1
          ],
          [
            2
          ],
          [
            3
          ],
          [
            0
          ]
        ],
        [
          [
            0,
            1,
            2,
            3
          ]
        ],
        [
          [
            0,
            3
          ],
          [
            1
          ],
          [
            2
          ]
        ],
        [
          [
            0
          ],
          [
            1
          ],
          [
            2
          ],
          [
            3
          ]
        ]
      ],
      "column-hypers": {
        "overall_res_visit_1": {
          "alpha": 1.0
        },
        "ecog_visit_1": {
          "alpha": 1.0
        },
        "psa_visit_1": {
          "m": 7.341152869549006,
          "r": 0.6987065745784212,
          "s": 0.011721022975334809,
          "nu": 1.5012943823463352
        },
        "pk_visit_1": {
          "m": 6.685344463232041,
          "r": 0.8873567895155191,
          "s": 0.09236708571873864,
          "nu": 1.6519132559793048
        },
        "age": {
          "m": 5.380764938242841,
          "r": 1.5748041437985787,
          "s": 0.010000000000000004,
          "nu": 1.0
        },
        "bmi": {
          "m": 5.40356991613299,
          "r": 1.0743382393762155,
          "s": 0.04893900918477494,
          "nu": 1.1542026525859868
        },
        "gender": {
          "alpha": 1.0
        }
      }
    }
  ]
}