{
  "column-statistical-types": {
    "column_a": "numerical",
    "column_b": "numerical",
    "column_c": "numerical",
    "column_d": "numerical"
  },
  "categories": {},
  "models": [
    {
      "column-partition": [
        [
          "column_b",
          "column_a",
          "column_d",
          "column_c"
        ]
      ],
      "cluster-crp-hyperparameters": [
        0.25
      ],
      "clusters": [
        [
          [
            1,
            2,
            5,
            9,
            10,
            12,
            14,
            21,
            22
          ],
          [
            0,
            3,
            4,
            6,
            7,
            8,
            11,
            13,
            15,
            16,
            17,
            18,
            19,
            20,
            23
          ]
        ]
      ],
      "column-hypers": {
        "column_a": {
          "m": 6.82964575373325,
          "r": 0.5771013262929935,
          "s": 0.3290344562312668,
          "nu": 1.3007199203560056
        },
        "column_b": {
          "m": 5.31757597583632,
          "r": 0.6660918816182642,
          "s": 0.011721022975334809,
          "nu": 1.0489642553230345
        },
        "column_c": {
          "m": 6.627576751286628,
          "r": 0.5771013262929935,
          "s": 0.14873521072935117,
          "nu": 1.2107173259617308
        },
        "column_d": {
          "m": 5.318838828589004,
          "r": 1.0241895602489972,
          "s": 0.011721022975334809,
          "nu": 1.3974131491568424
        }
      }
    }
  ]
}