{
  "column-statistical-types": {
    "column_a": "numerical",
    "column_b": "numerical",
    "column_c": "numerical",
    "column_d": "numerical"
  },
  "categories": {},
  "models": [
    {
      "column-partition": [
        [
          "column_b",
          "column_a",
          "column_d",
          "column_c"
        ]
      ],
      "cluster-crp-hyperparameters": [
        0.48819087735911093
      ],
      "clusters": [
        [
          [
            1,
            2,
            5,
            9,
            10,
            12,
            14,
            21,
            22,
            24,
            26,
            27,
            28
          ],
          [
            0,
            3,
            4,
            6,
            7,
            8,
            11,
            13,
            15,
            16,
            17,
            18,
            19,
            20,
            23,
            25
          ]
        ]
      ],
      "column-hypers": {
        "column_a": {
          "m": 6.657231960629802,
          "r": 1.0241895602489972,
          "s": 0.23950266199874845,
          "nu": 1.9527635094364437
        },
        "column_b": {
          "m": 5.31757597583632,
          "r": 0.7329182216919619,
          "s": 0.010000000000000004,
          "nu": 1.3974131491568424
        },
        "column_c": {
          "m": 6.627576751286628,
          "r": 1.126942411232332,
          "s": 0.07880462815669913,
          "nu": 1.182122307190268
        },
        "column_d": {
          "m": 5.318838828589004,
          "r": 0.8459361556054668,
          "s": 0.06723357536499339,
          "nu": 1.240004045662587
        }
      }
    }
  ]
}