{
  "column-statistical-types": {
    "age": "numerical",
    "bmi": "numerical",
    "response_t_1": "nominal",
    "gender": "nominal",
    "pharma_kin_t_1": "numerical",
    "rating_t_1": "nominal",
    "antigen_t_1": "numerical"
  },
  "categories": {
    "rating_t_2": [
      "False",
      "True"
    ],
    "response_t_1": [
      "False",
      "True"
    ],
    "gender": [
      "False",
      "True"
    ],
    "response_t_3": [
      "False",
      "True"
    ],
    "rating_t_1": [
      "False",
      "True"
    ],
    "response_t_2": [
      "False",
      "True"
    ]
  },
  "models": [
    {
      "column-partition": [
        [
          "age",
          "bmi",
          "gender"
        ],
        [
          "antigen_t_1",
          "pharma_kin_t_1",
          "rating_t_1",
          "response_t_1"
        ]
      ],
      "cluster-crp-hyperparameters": [
        0.5,
        0.4027068170998725
      ],
      "clusters": [
        [
          [
            0,
            1,
            3,
            7,
            10,
            11,
            13,
            14
          ],
          [
            4,
            5,
            6,
            8,
            9,
            12,
            15
          ],
          [
            2
          ]
        ],
        [
          [
            1,
            4,
            6,
            10,
            11,
            13,
            15
          ],
          [
            0,
            2,
            3,
            9,
            12
          ],
          [
            5,
            7,
            8,
            14
          ]
        ]
      ],
      "column-hypers": {
        "age": {
          "m": 33.163814421074456,
          "r": 1.240004045662587,
          "s": 0.04893900918477494,
          "nu": 1.1003260089454083
        },
        "bmi": {
          "m": 23.472951602920737,
          "r": 0.7688050166297915,
          "s": 0.28072162039411763,
          "nu": 1.537610033259583
        },
        "response_t_1": {
          "alpha": 1.0
        },
        "gender": {
          "alpha": 1.0
        },
        "pharma_kin_t_1": {
          "m": 6.857758256335489,
          "r": 0.5501630044727042,
          "s": 0.018873918221350976,
          "nu": 1.2699991982341425
        },
        "rating_t_1": {
          "alpha": 1.0
        },
        "antigen_t_1": {
          "m": 7.341152869549006,
          "r": 0.5244821276615173,
          "s": 0.04175318936560401,
          "nu": 1.431215958721113
        }
      }
    }
  ]
}