{
  "column-statistical-types": {
    "column_a": "numerical",
    "column_b": "numerical",
    "column_c": "numerical",
    "column_d": "numerical"
  },
  "categories": {},
  "models": [
    {
      "column-partition": [
        [
          "column_b",
          "column_a"
        ],
        [
          "column_c",
          "column_d"
        ]
      ],
      "cluster-crp-hyperparameters": [
        0.4032244908788412,
        0.5430920514623767
      ],
      "clusters": [
        [
          [
            1,
            2,
            5
          ],
          [
            4
          ],
          [
            0,
            3,
            6,
            7
          ]
        ],
        [
          [
            0,
            3,
            4,
            5,
            6,
            7
          ],
          [
            1,
            2
          ]
        ]
      ],
      "column-hypers": {
        "column_a": {
          "m": 7.174473339940146,
          "r": 1.0743382393762155,
          "s": 0.4520353656360242,
          "nu": 1.6918723112109335
        },
        "column_b": {
          "m": 5.31757597583632,
          "r": 0.8459361556054668,
          "s": 0.013738237958832639,
          "nu": 1.8616111078399704
        },
        "column_c": {
          "m": 6.627576751286628,
          "r": 0.5501630044727042,
          "s": 0.04175318936560401,
          "nu": 1.332183763236528
        },
        "column_d": {
          "m": 5.836080207899349,
          "r": 0.7688050166297915,
          "s": 0.07880462815669913,
          "nu": 1.1003260089454083
        }
      }
    }
  ]
}