{
  "column-statistical-types": {
    "column_a": "numerical",
    "column_b": "numerical",
    "column_c": "numerical",
    "column_d": "numerical"
  },
  "categories": {},
  "models": [
    {
      "column-partition": [
        [
          "column_b",
          "column_a",
          "column_d",
          "column_c"
        ]
      ],
      "cluster-crp-hyperparameters": [
        0.7874020718992893
      ],
      "clusters": [
        [
          [
            1,
            2,
            5,
            9,
            10,
            12,
            14,
            21,
            22,
            24,
            26,
            27,
            28,
            30,
            31,
            33,
            36,
            38,
            39,
            40,
            41,
            42
          ],
          [
            0,
            3,
            4,
            6,
            7,
            8,
            11,
            13,
            15,
            16,
            17,
            18,
            19,
            20,
            23,
            25,
            29,
            32,
            34,
            35,
            37,
            43
          ]
        ]
      ],
      "column-hypers": {
        "column_a": {
          "m": 6.82964575373325,
          "r": 0.6053586629808654,
          "s": 0.011721022975334809,
          "nu": 1.0241895602489972
        },
        "column_b": {
          "m": 5.31757597583632,
          "r": 0.6349995991170713,
          "s": 0.010000000000000004,
          "nu": 1.2699991982341425
        },
        "column_c": {
          "m": 6.627576751286628,
          "r": 0.7688050166297915,
          "s": 0.04893900918477494,
          "nu": 1.1003260089454083
        },
        "column_d": {
          "m": 5.318838828589004,
          "r": 1.6519132559793048,
          "s": 0.03562247890262443,
          "nu": 1.5012943823463352
        }
      }
    }
  ]
}