{
  "column-statistical-types": {
    "column_a": "numerical",
    "column_b": "numerical",
    "column_c": "numerical",
    "column_d": "numerical"
  },
  "categories": {},
  "models": [
    {
      "column-partition": [
        [
          "column_b",
          "column_a",
          "column_d",
          "column_c"
        ]
      ],
      "cluster-crp-hyperparameters": [
        0.2750815022363521
      ],
      "clusters": [
        [
          [
            1,
            2,
            5,
            9,
            10,
            12,
            14
          ],
          [
            0,
            3,
            4,
            6,
            7,
            8,
            11,
            13,
            15,
            16,
            17,
            18,
            19
          ]
        ]
      ],
      "column-hypers": {
        "column_a": {
          "m": 6.657231960629802,
          "r": 0.5501630044727042,
          "s": 0.06723357536499339,
          "nu": 1.8176431200757233
        },
        "column_b": {
          "m": 5.31757597583632,
          "r": 0.5244821276615173,
          "s": 0.010000000000000004,
          "nu": 1.0489642553230345
        },
        "column_c": {
          "m": 6.799990544390076,
          "r": 1.126942411232332,
          "s": 0.10826367338740543,
          "nu": 1.1542026525859868
        },
        "column_d": {
          "m": 5.318838828589004,
          "r": 1.6519132559793048,
          "s": 0.016102620275609394,
          "nu": 1.4658364433839237
        }
      }
    }
  ]
}