{
  "column-statistical-types": {
    "column_a": "numerical",
    "column_b": "numerical",
    "column_c": "numerical",
    "column_d": "numerical"
  },
  "categories": {},
  "models": [
    {
      "column-partition": [
        [
          "column_b",
          "column_a",
          "column_d",
          "column_c"
        ]
      ],
      "cluster-crp-hyperparameters": [
        0.48819087735911093
      ],
      "clusters": [
        [
          [
            1,
            2,
            5,
            9,
            10,
            12,
            14,
            21,
            22,
            24,
            26,
            27,
            28,
            30,
            31,
            33,
            36,
            38,
            39,
            40,
            41,
            42,
            46,
            50,
            56,
            57,
            59,
            61,
            62,
            63,
            64,
            67,
            68,
            70
          ],
          [
            0,
            3,
            4,
            6,
            7,
            8,
            11,
            13,
            15,
            16,
            17,
            18,
            19,
            20,
            23,
            25,
            29,
            32,
            34,
            35,
            37,
            43,
            44,
            45,
            47,
            48,
            49,
            51,
            52,
            53,
            54,
            55,
            58,
            60,
            65,
            66,
            69,
            71
          ]
        ]
      ],
      "column-hypers": {
        "column_a": {
          "m": 6.657231960629802,
          "r": 1.4312159587211128,
          "s": 0.14873521072935117,
          "nu": 1.3007199203560056
        },
        "column_b": {
          "m": 5.31757597583632,
          "r": 0.6349995991170713,
          "s": 0.010000000000000004,
          "nu": 1.537610033259583
        },
        "column_c": {
          "m": 6.799990544390076,
          "r": 1.732797958416581,
          "s": 0.12689610031679222,
          "nu": 1.1003260089454083
        },
        "column_d": {
          "m": 5.318838828589004,
          "r": 2.0,
          "s": 0.011721022975334809,
          "nu": 1.4658364433839237
        }
      }
    }
  ]
}