{
  "column-statistical-types": {
    "column_a": "numerical",
    "column_b": "numerical",
    "column_c": "numerical",
    "column_d": "numerical"
  },
  "categories": {},
  "models": [
    {
      "column-partition": [
        [
          "column_b",
          "column_a",
          "column_d",
          "column_c"
        ]
      ],
      "cluster-crp-hyperparameters": [
        0.7156079793605564
      ],
      "clusters": [
        [
          [
            1,
            2,
            5,
            9,
            10,
            12,
            14,
            21,
            22,
            24,
            26,
            27,
            28,
            30,
            31,
            33,
            36,
            38
          ],
          [
            0,
            3,
            6,
            7,
            8,
            11,
            13,
            15,
            16,
            17,
            18,
            19,
            20,
            23,
            25,
            29,
            32,
            34,
            35,
            37
          ],
          [
            4
          ]
        ]
      ],
      "column-hypers": {
        "column_a": {
          "m": 6.657231960629802,
          "r": 1.4312159587211128,
          "s": 0.04893900918477494,
          "nu": 1.0489642553230345
        },
        "column_b": {
          "m": 5.31757597583632,
          "r": 0.8064489817576824,
          "s": 0.010000000000000004,
          "nu": 1.9527635094364437
        },
        "column_c": {
          "m": 6.627576751286628,
          "r": 0.8873567895155191,
          "s": 0.0573615251044868,
          "nu": 1.6519132559793048
        },
        "column_d": {
          "m": 5.318838828589004,
          "r": 1.501294382346335,
          "s": 0.025929437974046683,
          "nu": 1.6519132559793048
        }
      }
    }
  ]
}