{
  "column-statistical-types": {
    "column_a": "numerical",
    "column_b": "numerical",
    "column_c": "numerical",
    "column_d": "numerical"
  },
  "categories": {},
  "models": [
    {
      "column-partition": [
        [
          "column_a"
        ],
        [
          "column_b"
        ],
        [
          "column_c"
        ],
        [
          "column_d"
        ]
      ],
      "cluster-crp-hyperparameters": [
        1.0,
        1.0,
        1.126942411232332,
        2.0
      ],
      "clusters": [
        [
          [
            0
          ],
          [
            1
          ]
        ],
        [
          [
            0
          ],
          [
            1
          ]
        ],
        [
          [
            0
          ],
          [
            1
          ]
        ],
        [
          [
            0
          ],
          [
            1
          ]
        ]
      ],
      "column-hypers": {
        "column_a": {
          "m": 6.657231960629802,
          "r": 0.5501630044727042,
          "s": 0.0573615251044868,
          "nu": 1.332183763236528
        },
        "column_b": {
          "m": 6.352058734457009,
          "r": 0.8064489817576824,
          "s": 0.6210169418915613,
          "nu": 1.182122307190268
        },
        "column_c": {
          "m": 8.006887096114214,
          "r": 0.5244821276615173,
          "s": 0.8531678524172807,
          "nu": 1.906642661893268
        },
        "column_d": {
          "m": 6.008494001002798,
          "r": 1.126942411232332,
          "s": 0.12689610031679222,
          "nu": 1.126942411232332
        }
      }
    }
  ]
}