{
  "column-statistical-types": {
    "overall_res_visit_1": "nominal",
    "ecog_visit_1": "nominal",
    "psa_visit_1": "numerical",
    "pk_visit_1": "numerical",
    "age": "numerical",
    "bmi": "numerical",
    "gender": "nominal"
  },
  "categories": {
    "overall_res_visit_1": [
      "0.0",
      "1.0"
    ],
    "ecog_visit_1": [
      "0.0",
      "1.0"
    ],
    "overall_res_visit_2": [
      "0.0",
      "1.0"
    ],
    "ecog_visit_2": [
      "0.0",
      "1.0"
    ],
    "ecog_visit_3": [
      "0.0",
      "1.0"
    ],
    "gender": [
      "0.0",
      "1.0"
    ]
  },
  "models": [
    {
      "column-partition": [
        [
          "age"
        ],
        [
          "psa_visit_1",
          "pk_visit_1",
          "overall_res_visit_1",
          "ecog_visit_1"
        ],
        [
          "gender",
          "bmi"
        ]
      ],
      "cluster-crp-hyperparameters": [
        1.038609897842623,
        0.4032244908788412,
        1.431215958721113
      ],
      "clusters": [
        [
          [
            0,
            1,
            2,
            3,
            7
          ],
          [
            4,
            5,
            6
          ]
        ],
        [
          [
            1,
            4,
            6
          ],
          [
            0,
            2,
            3
          ],
          [
            5,
            7
          ]
        ],
        [
          [
            0,
            2,
            6,
            7
          ],
          [
            1
          ],
          [
            3
          ],
          [
            4
          ],
          [
            5
          ]
        ]
      ],
      "column-hypers": {
        "overall_res_visit_1": {
          "alpha": 1.0
        },
        "ecog_visit_1": {
          "alpha": 1.0
        },
        "psa_visit_1": {
          "m": 7.341152869549006,
          "r": 2.0,
          "s": 0.011721022975334809,
          "nu": 1.1003260089454083
        },
        "pk_visit_1": {
          "m": 6.857758256335489,
          "r": 0.5,
          "s": 0.013738237958832639,
          "nu": 1.906642661893268
        },
        "age": {
          "m": 5.898006317553186,
          "r": 0.6987065745784212,
          "s": 0.5298316906283708,
          "nu": 1.3644087026400742
        },
        "bmi": {
          "m": 5.40356991613299,
          "r": 1.364408702640074,
          "s": 0.011721022975334809,
          "nu": 1.2107173259617308
        },
        "gender": {
          "alpha": 1.0
        }
      }
    }
  ]
}