{
  "column-statistical-types": {
    "column_a": "numerical",
    "column_b": "numerical",
    "column_c": "numerical",
    "column_d": "numerical"
  },
  "categories": {},
  "models": [
    {
      "column-partition": [
        [
          "column_b",
          "column_a",
          "column_d",
          "column_c"
        ]
      ],
      "cluster-crp-hyperparameters": [
        0.3330459408091321
      ],
      "clusters": [
        [
          [
            1,
            2,
            5,
            9,
            10,
            12,
            14,
            21,
            22,
            24,
            26,
            27,
            28,
            30,
            31,
            33,
            36,
            38,
            39,
            40
          ],
          [
            0,
            3,
            4,
            6,
            7,
            8,
            11,
            13,
            15,
            16,
            17,
            18,
            19,
            20,
            23,
            25,
            29,
            32,
            34,
            35,
            37
          ]
        ]
      ],
      "column-hypers": {
        "column_a": {
          "m": 6.82964575373325,
          "r": 0.5,
          "s": 0.20433597178569418,
          "nu": 1.8616111078399704
        },
        "column_b": {
          "m": 5.31757597583632,
          "r": 0.6349995991170713,
          "s": 0.010000000000000004,
          "nu": 1.0743382393762158
        },
        "column_c": {
          "m": 6.627576751286628,
          "r": 0.8873567895155191,
          "s": 0.09236708571873864,
          "nu": 1.332183763236528
        },
        "column_d": {
          "m": 5.318838828589004,
          "r": 0.6053586629808654,
          "s": 0.016102620275609394,
          "nu": 1.240004045662587
        }
      }
    }
  ]
}