{
  "column-statistical-types": {
    "column_a": "numerical",
    "column_b": "numerical",
    "column_c": "numerical",
    "column_d": "numerical"
  },
  "categories": {},
  "models": [
    {
      "column-partition": [
        [
          "column_b",
          "column_a",
          "column_d",
          "column_c"
        ]
      ],
      "cluster-crp-hyperparameters": [
        0.25
      ],
      "clusters": [
        [
          [
            1,
            2,
            5,
            9,
            10,
            12,
            14,
            21,
            22
          ],
          [
            0,
            3,
            4,
            6,
            7,
            8,
            11,
            13,
            15,
            16,
            17,
            18,
            19,
            20
          ]
        ]
      ],
      "column-hypers": {
        "column_a": {
          "m": 6.657231960629802,
          "r": 1.3007199203560056,
          "s": 0.03039195382313199,
          "nu": 1.182122307190268
        },
        "column_b": {
          "m": 5.31757597583632,
          "r": 0.6053586629808654,
          "s": 0.013738237958832639,
          "nu": 1.7327979584165807
        },
        "column_c": {
          "m": 6.799990544390076,
          "r": 0.9763817547182219,
          "s": 0.03562247890262443,
          "nu": 1.3644087026400742
        },
        "column_d": {
          "m": 5.318838828589004,
          "r": 0.5501630044727042,
          "s": 0.022122162910704495,
          "nu": 1.6918723112109335
        }
      }
    }
  ]
}