{
  "column-statistical-types": {
    "age": "numerical",
    "bmi": "numerical",
    "response_t_1": "nominal",
    "gender": "nominal",
    "pharma_kin_t_1": "numerical",
    "rating_t_1": "nominal",
    "antigen_t_1": "numerical"
  },
  "categories": {
    "rating_t_2": [
      "False",
      "True"
    ],
    "response_t_1": [
      "False",
      "True"
    ],
    "gender": [
      "False",
      "True"
    ],
    "response_t_3": [
      "False",
      "True"
    ],
    "rating_t_1": [
      "False",
      "True"
    ],
    "response_t_2": [
      "False",
      "True"
    ]
  },
  "models": [
    {
      "column-partition": [
        [
          "age",
          "response_t_1",
          "antigen_t_1"
        ],
        [
          "bmi",
          "gender",
          "pharma_kin_t_1",
          "rating_t_1"
        ]
      ],
      "cluster-crp-hyperparameters": [
        1.0,
        1.0
      ],
      "clusters": [
        [
          [
            0
          ]
        ],
        [
          [
            0
          ]
        ]
      ],
      "column-hypers": {
        "age": {
          "m": 36.95691786935032,
          "r": 1.3007199203560056,
          "s": 0.016102620275609394,
          "nu": 1.182122307190268
        },
        "bmi": {
          "m": 25.36950332705867,
          "r": 2.0,
          "s": 0.022122162910704495,
          "nu": 1.0241895602489972
        },
        "response_t_1": {
          "alpha": 1.0
        },
        "gender": {
          "alpha": 1.0
        },
        "pharma_kin_t_1": {
          "m": 9.78879273909411,
          "r": 0.5,
          "s": 0.0573615251044868,
          "nu": 1.8176431200757233
        },
        "rating_t_1": {
          "alpha": 1.0
        },
        "antigen_t_1": {
          "m": 7.513566662652455,
          "r": 1.364408702640074,
          "s": 0.23950266199874845,
          "nu": 1.0241895602489972
        }
      }
    }
  ]
}