{
  "column-statistical-types": {
    "column_a": "numerical",
    "column_b": "numerical",
    "column_c": "numerical",
    "column_d": "numerical"
  },
  "categories": {},
  "models": [
    {
      "column-partition": [
        [
          "column_b",
          "column_a",
          "column_d",
          "column_c"
        ]
      ],
      "cluster-crp-hyperparameters": [
        2.2538848224646633
      ],
      "clusters": [
        [
          [
            1,
            2,
            5,
            9,
            10,
            12,
            14,
            21
          ],
          [
            0,
            3,
            4,
            6,
            7,
            8,
            11,
            13,
            15,
            16,
            17,
            18,
            19,
            20
          ]
        ]
      ],
      "column-hypers": {
        "column_a": {
          "m": 6.657231960629802,
          "r": 0.7329182216919619,
          "s": 0.17433288221999876,
          "nu": 1.7327979584165807
        },
        "column_b": {
          "m": 5.31757597583632,
          "r": 0.9763817547182219,
          "s": 0.016102620275609394,
          "nu": 1.6918723112109335
        },
        "column_c": {
          "m": 6.799990544390076,
          "r": 1.501294382346335,
          "s": 0.022122162910704495,
          "nu": 1.7747135790310382
        },
        "column_d": {
          "m": 5.318838828589004,
          "r": 1.182122307190268,
          "s": 0.022122162910704495,
          "nu": 1.9527635094364437
        }
      }
    }
  ]
}