{
  "column-statistical-types": {
    "column_a": "numerical",
    "column_b": "numerical",
    "column_c": "numerical",
    "column_d": "numerical"
  },
  "categories": {},
  "models": [
    {
      "column-partition": [
        [
          "column_b",
          "column_a",
          "column_d",
          "column_c"
        ]
      ],
      "cluster-crp-hyperparameters": [
        0.5371691196881078
      ],
      "clusters": [
        [
          [
            1,
            2,
            5,
            9,
            10,
            12,
            14
          ],
          [
            0,
            3,
            4,
            6,
            7,
            8,
            11,
            13,
            15
          ]
        ]
      ],
      "column-hypers": {
        "column_a": {
          "m": 7.002059546836699,
          "r": 1.8176431200757233,
          "s": 0.09236708571873864,
          "nu": 1.7327979584165807
        },
        "column_b": {
          "m": 5.31757597583632,
          "r": 0.8459361556054668,
          "s": 0.011721022975334809,
          "nu": 1.7747135790310382
        },
        "column_c": {
          "m": 6.799990544390076,
          "r": 1.8176431200757233,
          "s": 0.016102620275609394,
          "nu": 1.0489642553230345
        },
        "column_d": {
          "m": 5.663666414795901,
          "r": 0.8459361556054668,
          "s": 0.011721022975334809,
          "nu": 1.3974131491568424
        }
      }
    }
  ]
}