{
  "column-statistical-types": {
    "column_a": "numerical",
    "column_b": "numerical",
    "column_c": "numerical",
    "column_d": "numerical"
  },
  "categories": {},
  "models": [
    {
      "column-partition": [
        [
          "column_b",
          "column_a",
          "column_d",
          "column_c"
        ]
      ],
      "cluster-crp-hyperparameters": [
        0.7156079793605564
      ],
      "clusters": [
        [
          [
            1,
            2,
            5,
            9,
            10,
            12,
            14,
            21,
            22,
            24,
            26,
            27,
            28,
            30,
            31,
            33,
            36,
            38,
            39,
            40,
            41,
            42,
            46,
            50,
            56,
            57,
            59,
            61,
            62,
            63,
            64,
            67,
            68,
            70,
            72,
            73,
            74,
            75
          ],
          [
            0,
            3,
            4,
            6,
            7,
            8,
            13,
            15,
            16,
            17,
            18,
            19,
            20,
            23,
            25,
            29,
            32,
            34,
            35,
            37,
            43,
            44,
            45,
            47,
            48,
            49,
            51,
            53,
            54,
            58,
            60,
            65,
            69,
            71
          ],
          [
            11,
            52,
            55,
            66
          ]
        ]
      ],
      "column-hypers": {
        "column_a": {
          "m": 7.002059546836699,
          "r": 0.7329182216919619,
          "s": 0.016102620275609394,
          "nu": 1.4658364433839237
        },
        "column_b": {
          "m": 5.31757597583632,
          "r": 1.0743382393762155,
          "s": 0.011721022975334809,
          "nu": 1.8616111078399704
        },
        "column_c": {
          "m": 6.627576751286628,
          "r": 1.3007199203560056,
          "s": 0.03039195382313199,
          "nu": 1.0743382393762158
        },
        "column_d": {
          "m": 5.318838828589004,
          "r": 0.9763817547182219,
          "s": 0.025929437974046683,
          "nu": 1.332183763236528
        }
      }
    }
  ]
}