{
  "column-statistical-types": {
    "column_a": "numerical",
    "column_b": "numerical",
    "column_c": "numerical",
    "column_d": "numerical"
  },
  "categories": {},
  "models": [
    {
      "column-partition": [
        [
          "column_b",
          "column_a",
          "column_d",
          "column_c"
        ]
      ],
      "cluster-crp-hyperparameters": [
        0.4032244908788412
      ],
      "clusters": [
        [
          [
            1,
            2,
            5,
            9,
            10,
            12,
            14,
            21,
            22,
            24,
            26,
            27,
            28,
            30,
            31,
            33,
            36,
            38,
            39,
            40,
            41,
            42,
            46,
            50
          ],
          [
            0,
            3,
            4,
            6,
            7,
            8,
            11,
            13,
            15,
            16,
            17,
            18,
            19,
            20,
            23,
            25,
            29,
            32,
            34,
            35,
            37,
            43,
            44,
            45,
            47,
            48,
            49,
            51,
            52,
            53
          ]
        ]
      ],
      "column-hypers": {
        "column_a": {
          "m": 7.174473339940146,
          "r": 0.5,
          "s": 0.06723357536499339,
          "nu": 1.4658364433839237
        },
        "column_b": {
          "m": 5.31757597583632,
          "r": 0.8873567895155191,
          "s": 0.010000000000000004,
          "nu": 1.7327979584165807
        },
        "column_c": {
          "m": 6.627576751286628,
          "r": 1.182122307190268,
          "s": 0.09236708571873864,
          "nu": 1.0241895602489972
        },
        "column_d": {
          "m": 5.318838828589004,
          "r": 1.0743382393762155,
          "s": 0.011721022975334809,
          "nu": 1.906642661893268
        }
      }
    }
  ]
}