{
  "column-statistical-types": {
    "column_a": "numerical",
    "column_b": "numerical",
    "column_c": "numerical",
    "column_d": "numerical"
  },
  "categories": {},
  "models": [
    {
      "column-partition": [
        [
          "column_b",
          "column_a",
          "column_d",
          "column_c"
        ]
      ],
      "cluster-crp-hyperparameters": [
        0.4032244908788412
      ],
      "clusters": [
        [
          [
            1,
            2,
            5,
            9,
            10,
            12
          ],
          [
            0,
            3,
            4,
            6,
            7,
            8,
            11,
            13
          ]
        ]
      ],
      "column-hypers": {
        "column_a": {
          "m": 6.657231960629802,
          "r": 0.9308055539199852,
          "s": 0.10826367338740543,
          "nu": 1.3974131491568424
        },
        "column_b": {
          "m": 5.489989768939768,
          "r": 1.240004045662587,
          "s": 0.03562247890262443,
          "nu": 1.8176431200757233
        },
        "column_c": {
          "m": 6.799990544390076,
          "r": 0.6053586629808654,
          "s": 0.17433288221999876,
          "nu": 1.6128979635153649
        },
        "column_d": {
          "m": 5.318838828589004,
          "r": 1.906642661893268,
          "s": 0.06723357536499339,
          "nu": 1.537610033259583
        }
      }
    }
  ]
}