{
  "column-statistical-types": {
    "column_a": "numerical",
    "column_b": "numerical",
    "column_c": "numerical",
    "column_d": "numerical"
  },
  "categories": {},
  "models": [
    {
      "column-partition": [
        [
          "column_b",
          "column_a",
          "column_d",
          "column_c"
        ]
      ],
      "cluster-crp-hyperparameters": [
        0.2750815022363521
      ],
      "clusters": [
        [
          [
            1,
            2,
            5,
            9,
            10,
            12,
            14,
            21,
            22,
            24,
            26,
            27,
            28,
            30,
            31,
            33,
            36,
            38,
            39,
            40,
            41,
            42,
            46
          ],
          [
            0,
            3,
            4,
            6,
            7,
            8,
            11,
            13,
            15,
            16,
            17,
            18,
            19,
            20,
            23,
            25,
            29,
            32,
            34,
            35,
            37,
            43,
            44,
            45
          ]
        ]
      ],
      "column-hypers": {
        "column_a": {
          "m": 6.82964575373325,
          "r": 0.5,
          "s": 0.09236708571873864,
          "nu": 1.3644087026400742
        },
        "column_b": {
          "m": 5.31757597583632,
          "r": 0.9308055539199852,
          "s": 0.011721022975334809,
          "nu": 1.240004045662587
        },
        "column_c": {
          "m": 6.627576751286628,
          "r": 1.182122307190268,
          "s": 0.018873918221350976,
          "nu": 1.6918723112109335
        },
        "column_d": {
          "m": 5.318838828589004,
          "r": 1.0241895602489972,
          "s": 0.013738237958832639,
          "nu": 1.2699991982341425
        }
      }
    }
  ]
}