{
  "column-statistical-types": {
    "column_a": "numerical",
    "column_b": "numerical",
    "column_c": "numerical",
    "column_d": "numerical"
  },
  "categories": {},
  "models": [
    {
      "column-partition": [
        [
          "column_b",
          "column_a"
        ],
        [
          "column_c",
          "column_d"
        ]
      ],
      "cluster-crp-hyperparameters": [
        0.591061153595134,
        0.486036202243532
      ],
      "clusters": [
        [
          [
            1,
            2,
            5
          ],
          [
            0,
            3
          ],
          [
            4
          ],
          [
            6
          ]
        ],
        [
          [
            0,
            3,
            4,
            5,
            6
          ],
          [
            1,
            2
          ]
        ]
      ],
      "column-hypers": {
        "column_a": {
          "m": 7.174473339940146,
          "r": 0.9308055539199852,
          "s": 0.8531678524172807,
          "nu": 1.537610033259583
        },
        "column_b": {
          "m": 5.31757597583632,
          "r": 0.9763817547182219,
          "s": 0.013738237958832639,
          "nu": 1.6918723112109335
        },
        "column_c": {
          "m": 6.972404337493525,
          "r": 0.5244821276615173,
          "s": 0.03562247890262443,
          "nu": 1.3974131491568424
        },
        "column_d": {
          "m": 6.008494001002798,
          "r": 1.3007199203560056,
          "s": 0.20433597178569418,
          "nu": 1.6519132559793048
        }
      }
    }
  ]
}