{
  "column-statistical-types": {
    "column_a": "numerical",
    "column_b": "numerical",
    "column_c": "numerical",
    "column_d": "numerical"
  },
  "categories": {},
  "models": [
    {
      "column-partition": [
        [
          "column_b",
          "column_a",
          "column_d",
          "column_c"
        ]
      ],
      "cluster-crp-hyperparameters": [
        0.5371691196881078
      ],
      "clusters": [
        [
          [
            1,
            2,
            5,
            9,
            10,
            12,
            14
          ],
          [
            0,
            3,
            4,
            6,
            7,
            8,
            11,
            13,
            15,
            16,
            17,
            18
          ]
        ]
      ],
      "column-hypers": {
        "column_a": {
          "m": 6.657231960629802,
          "r": 0.6987065745784212,
          "s": 0.7278953843983149,
          "nu": 1.8176431200757233
        },
        "column_b": {
          "m": 5.31757597583632,
          "r": 1.501294382346335,
          "s": 0.011721022975334809,
          "nu": 1.3644087026400742
        },
        "column_c": {
          "m": 6.627576751286628,
          "r": 0.9763817547182219,
          "s": 0.04175318936560401,
          "nu": 1.3007199203560056
        },
        "column_d": {
          "m": 5.491252621692452,
          "r": 0.5771013262929935,
          "s": 0.011721022975334809,
          "nu": 1.431215958721113
        }
      }
    }
  ]
}