{
  "column-statistical-types": {
    "column_a": "numerical",
    "column_b": "numerical",
    "column_c": "numerical",
    "column_d": "numerical"
  },
  "categories": {},
  "models": [
    {
      "column-partition": [
        [
          "column_b",
          "column_a",
          "column_d",
          "column_c"
        ]
      ],
      "cluster-crp-hyperparameters": [
        1.2699991982341423
      ],
      "clusters": [
        [
          [
            1,
            2,
            5,
            9,
            10,
            12,
            14,
            21,
            22,
            24,
            26,
            27,
            28,
            30,
            31,
            33,
            36,
            38,
            39,
            40,
            41,
            42,
            46,
            50,
            56,
            57,
            59
          ],
          [
            0,
            3,
            4,
            6,
            7,
            8,
            11,
            13,
            15,
            16,
            17,
            18,
            19,
            20,
            23,
            25,
            29,
            32,
            34,
            35,
            37,
            43,
            44,
            45,
            47,
            48,
            49,
            51,
            52,
            53,
            54,
            55,
            58
          ]
        ]
      ],
      "column-hypers": {
        "column_a": {
          "m": 6.82964575373325,
          "r": 0.5244821276615173,
          "s": 0.385662042116347,
          "nu": 1.1542026525859868
        },
        "column_b": {
          "m": 5.31757597583632,
          "r": 0.5501630044727042,
          "s": 0.010000000000000004,
          "nu": 1.3974131491568424
        },
        "column_c": {
          "m": 6.972404337493525,
          "r": 0.5,
          "s": 0.10826367338740543,
          "nu": 1.9527635094364437
        },
        "column_d": {
          "m": 5.318838828589004,
          "r": 0.5771013262929935,
          "s": 0.018873918221350976,
          "nu": 1.332183763236528
        }
      }
    }
  ]
}