{
  "column-statistical-types": {
    "column_a": "numerical",
    "column_b": "numerical",
    "column_c": "numerical",
    "column_d": "numerical"
  },
  "categories": {},
  "models": [
    {
      "column-partition": [
        [
          "column_b",
          "column_a",
          "column_d",
          "column_c"
        ]
      ],
      "cluster-crp-hyperparameters": [
        0.48819087735911093
      ],
      "clusters": [
        [
          [
            1,
            2,
            5,
            9,
            10,
            12,
            14,
            21,
            22,
            24,
            26,
            27,
            28,
            30,
            31
          ],
          [
            0,
            3,
            4,
            6,
            7,
            8,
            11,
            13,
            15,
            16,
            17,
            18,
            19,
            20,
            23,
            25,
            29
          ]
        ]
      ],
      "column-hypers": {
        "column_a": {
          "m": 6.82964575373325,
          "r": 0.5244821276615173,
          "s": 0.07880462815669913,
          "nu": 1.3644087026400742
        },
        "column_b": {
          "m": 5.31757597583632,
          "r": 0.6660918816182642,
          "s": 0.010000000000000004,
          "nu": 1.8176431200757233
        },
        "column_c": {
          "m": 6.627576751286628,
          "r": 1.364408702640074,
          "s": 0.0573615251044868,
          "nu": 1.182122307190268
        },
        "column_d": {
          "m": 5.491252621692452,
          "r": 0.9763817547182219,
          "s": 0.018873918221350976,
          "nu": 1.0241895602489972
        }
      }
    }
  ]
}