{
  "column-statistical-types": {
    "column_a": "numerical",
    "column_b": "numerical",
    "column_c": "numerical",
    "column_d": "numerical"
  },
  "categories": {},
  "models": [
    {
      "column-partition": [
        [
          "column_a",
          "column_b",
          "column_d"
        ],
        [
          "column_c"
        ]
      ],
      "cluster-crp-hyperparameters": [
        3.635286240151446,
        2.057459908097427
      ],
      "clusters": [
        [
          [
            1,
            2
          ],
          [
            0
          ],
          [
            4
          ],
          [
            3
          ]
        ],
        [
          [
            0
          ],
          [
            1,
            2,
            4
          ],
          [
            3
          ]
        ]
      ],
      "column-hypers": {
        "column_a": {
          "m": 7.3468871330435945,
          "r": 1.8176431200757233,
          "s": 0.12689610031679222,
          "nu": 1.9527635094364437
        },
        "column_b": {
          "m": 5.31757597583632,
          "r": 0.8873567895155191,
          "s": 0.016102620275609394,
          "nu": 1.906642661893268
        },
        "column_c": {
          "m": 6.627576751286628,
          "r": 0.5244821276615173,
          "s": 0.385662042116347,
          "nu": 1.9527635094364437
        },
        "column_d": {
          "m": 5.663666414795901,
          "r": 1.5748041437985787,
          "s": 0.14873521072935117,
          "nu": 1.1542026525859868
        }
      }
    }
  ]
}