{
  "column-statistical-types": {
    "column_a": "numerical",
    "column_b": "numerical",
    "column_c": "numerical",
    "column_d": "numerical"
  },
  "categories": {},
  "models": [
    {
      "column-partition": [
        [
          "column_b",
          "column_a",
          "column_d",
          "column_c"
        ]
      ],
      "cluster-crp-hyperparameters": [
        0.7874020718992893
      ],
      "clusters": [
        [
          [
            1,
            2,
            5,
            9,
            10,
            12,
            14,
            21,
            22,
            24,
            26,
            27,
            28,
            30,
            31,
            33,
            36,
            38,
            39,
            40,
            41,
            42,
            46,
            50,
            56,
            57,
            59,
            61,
            62,
            63,
            64,
            67,
            68,
            70,
            72,
            73,
            74,
            75
          ],
          [
            0,
            3,
            4,
            6,
            7,
            8,
            11,
            13,
            15,
            16,
            17,
            18,
            19,
            20,
            23,
            25,
            29,
            32,
            34,
            35,
            37,
            43,
            44,
            45,
            47,
            48,
            49,
            51,
            52,
            53,
            54,
            55,
            58,
            60,
            65,
            66,
            69,
            71,
            76,
            77
          ]
        ]
      ],
      "column-hypers": {
        "column_a": {
          "m": 6.657231960629802,
          "r": 0.6349995991170713,
          "s": 0.12689610031679222,
          "nu": 2.0
        },
        "column_b": {
          "m": 5.31757597583632,
          "r": 1.0241895602489972,
          "s": 0.013738237958832639,
          "nu": 2.0
        },
        "column_c": {
          "m": 6.627576751286628,
          "r": 1.906642661893268,
          "s": 0.04175318936560401,
          "nu": 1.0
        },
        "column_d": {
          "m": 5.491252621692452,
          "r": 1.3007199203560056,
          "s": 0.03039195382313199,
          "nu": 1.431215958721113
        }
      }
    }
  ]
}