{
  "column-statistical-types": {
    "column_a": "numerical",
    "column_b": "numerical",
    "column_c": "numerical",
    "column_d": "numerical"
  },
  "categories": {},
  "models": [
    {
      "column-partition": [
        [
          "column_b",
          "column_a",
          "column_d",
          "column_c"
        ]
      ],
      "cluster-crp-hyperparameters": [
        0.8663989792082905
      ],
      "clusters": [
        [
          [
            1,
            2,
            5,
            9,
            10,
            12,
            14,
            21,
            22,
            24,
            26,
            27,
            28,
            30,
            31
          ],
          [
            0,
            3,
            4,
            6,
            7,
            8,
            11,
            13,
            15,
            16,
            17,
            18,
            19,
            20,
            23,
            25,
            29,
            32
          ]
        ]
      ],
      "column-hypers": {
        "column_a": {
          "m": 6.657231960629802,
          "r": 1.0241895602489972,
          "s": 0.07880462815669913,
          "nu": 1.7747135790310382
        },
        "column_b": {
          "m": 5.31757597583632,
          "r": 0.7688050166297915,
          "s": 0.010000000000000004,
          "nu": 1.537610033259583
        },
        "column_c": {
          "m": 6.627576751286628,
          "r": 0.5,
          "s": 0.10826367338740543,
          "nu": 1.3007199203560056
        },
        "column_d": {
          "m": 5.318838828589004,
          "r": 0.6053586629808654,
          "s": 0.010000000000000004,
          "nu": 1.3007199203560056
        }
      }
    }
  ]
}