{
  "column-statistical-types": {
    "column_a": "numerical",
    "column_b": "numerical",
    "column_c": "numerical",
    "column_d": "numerical"
  },
  "categories": {},
  "models": [
    {
      "column-partition": [
        [
          "column_b",
          "column_a",
          "column_d",
          "column_c"
        ]
      ],
      "cluster-crp-hyperparameters": [
        0.6503599601780028
      ],
      "clusters": [
        [
          [
            1,
            2,
            5,
            9,
            10,
            12,
            14
          ],
          [
            0,
            3,
            4,
            6,
            7,
            8,
            11,
            13,
            15,
            16
          ]
        ]
      ],
      "column-hypers": {
        "column_a": {
          "m": 6.82964575373325,
          "r": 1.240004045662587,
          "s": 0.07880462815669913,
          "nu": 1.126942411232332
        },
        "column_b": {
          "m": 5.31757597583632,
          "r": 0.5244821276615173,
          "s": 0.022122162910704495,
          "nu": 1.7747135790310382
        },
        "column_c": {
          "m": 6.799990544390076,
          "r": 0.8064489817576824,
          "s": 0.03039195382313199,
          "nu": 1.537610033259583
        },
        "column_d": {
          "m": 5.318838828589004,
          "r": 0.7329182216919619,
          "s": 0.022122162910704495,
          "nu": 1.5748041437985785
        }
      }
    }
  ]
}