{
  "column-statistical-types": {
    "column_a": "numerical",
    "column_b": "numerical",
    "column_c": "numerical",
    "column_d": "numerical"
  },
  "categories": {},
  "models": [
    {
      "column-partition": [
        [
          "column_b",
          "column_a",
          "column_d",
          "column_c"
        ]
      ],
      "cluster-crp-hyperparameters": [
        0.7156079793605564
      ],
      "clusters": [
        [
          [
            1,
            2,
            5,
            9,
            10,
            12,
            14,
            21,
            22,
            24,
            26,
            27,
            28,
            30,
            31,
            33,
            36,
            38,
            39,
            40,
            41,
            42,
            46
          ],
          [
            0,
            3,
            4,
            6,
            7,
            8,
            11,
            13,
            15,
            16,
            17,
            18,
            19,
            20,
            23,
            25,
            29,
            32,
            34,
            35,
            37,
            43,
            44,
            45,
            47
          ]
        ]
      ],
      "column-hypers": {
        "column_a": {
          "m": 6.657231960629802,
          "r": 0.7329182216919619,
          "s": 0.14873521072935117,
          "nu": 1.4658364433839237
        },
        "column_b": {
          "m": 5.31757597583632,
          "r": 0.8064489817576824,
          "s": 0.011721022975334809,
          "nu": 1.3007199203560056
        },
        "column_c": {
          "m": 6.627576751286628,
          "r": 0.5501630044727042,
          "s": 0.03562247890262443,
          "nu": 1.2107173259617308
        },
        "column_d": {
          "m": 5.318838828589004,
          "r": 1.8176431200757233,
          "s": 0.04893900918477494,
          "nu": 1.9527635094364437
        }
      }
    }
  ]
}