{
  "column-statistical-types": {
    "column_a": "numerical",
    "column_b": "numerical",
    "column_c": "numerical",
    "column_d": "numerical"
  },
  "categories": {},
  "models": [
    {
      "column-partition": [
        [
          "column_b",
          "column_a",
          "column_d",
          "column_c"
        ]
      ],
      "cluster-crp-hyperparameters": [
        0.591061153595134
      ],
      "clusters": [
        [
          [
            1,
            2,
            5,
            9,
            10,
            12,
            14,
            21,
            22,
            24,
            26,
            27,
            28,
            30,
            31,
            33,
            36,
            38,
            39,
            40,
            41,
            42,
            46,
            50,
            56,
            57,
            59,
            61,
            62,
            63,
            64,
            67,
            68
          ],
          [
            0,
            3,
            4,
            6,
            7,
            8,
            11,
            13,
            15,
            16,
            17,
            18,
            19,
            20,
            23,
            25,
            29,
            32,
            34,
            35,
            37,
            43,
            44,
            45,
            47,
            48,
            49,
            51,
            52,
            53,
            54,
            55,
            58,
            60,
            65,
            66,
            69
          ]
        ]
      ],
      "column-hypers": {
        "column_a": {
          "m": 6.657231960629802,
          "r": 0.5771013262929935,
          "s": 0.20433597178569418,
          "nu": 1.3974131491568424
        },
        "column_b": {
          "m": 5.31757597583632,
          "r": 0.7688050166297915,
          "s": 0.010000000000000004,
          "nu": 1.1003260089454083
        },
        "column_c": {
          "m": 6.627576751286628,
          "r": 1.182122307190268,
          "s": 0.14873521072935117,
          "nu": 1.6128979635153649
        },
        "column_d": {
          "m": 5.318838828589004,
          "r": 0.6053586629808654,
          "s": 0.03039195382313199,
          "nu": 1.332183763236528
        }
      }
    }
  ]
}