{
  "column-statistical-types": {
    "column_a": "numerical",
    "column_b": "numerical",
    "column_c": "numerical",
    "column_d": "numerical"
  },
  "categories": {},
  "models": [
    {
      "column-partition": [
        [
          "column_b",
          "column_a",
          "column_d",
          "column_c"
        ]
      ],
      "cluster-crp-hyperparameters": [
        0.3330459408091321
      ],
      "clusters": [
        [
          [
            1,
            2,
            5,
            9,
            10,
            12,
            14,
            21,
            22,
            24,
            26,
            27,
            28,
            30,
            31,
            33,
            36,
            38,
            39
          ],
          [
            0,
            3,
            4,
            6,
            7,
            8,
            11,
            13,
            15,
            16,
            17,
            18,
            19,
            20,
            23,
            25,
            29,
            32,
            34,
            35,
            37
          ]
        ]
      ],
      "column-hypers": {
        "column_a": {
          "m": 6.82964575373325,
          "r": 0.5244821276615173,
          "s": 0.20433597178569418,
          "nu": 1.7327979584165807
        },
        "column_b": {
          "m": 5.31757597583632,
          "r": 1.182122307190268,
          "s": 0.011721022975334809,
          "nu": 1.1542026525859868
        },
        "column_c": {
          "m": 6.972404337493525,
          "r": 0.8064489817576824,
          "s": 0.14873521072935117,
          "nu": 1.3007199203560056
        },
        "column_d": {
          "m": 5.318838828589004,
          "r": 1.501294382346335,
          "s": 0.03562247890262443,
          "nu": 1.4658364433839237
        }
      }
    }
  ]
}