{
  "column-statistical-types": {
    "column_a": "numerical",
    "column_b": "numerical",
    "column_c": "numerical",
    "column_d": "numerical"
  },
  "categories": {},
  "models": [
    {
      "column-partition": [
        [
          "column_b",
          "column_a",
          "column_d",
          "column_c"
        ]
      ],
      "cluster-crp-hyperparameters": [
        0.7874020718992893
      ],
      "clusters": [
        [
          [
            1,
            2,
            5,
            9,
            10,
            12,
            14,
            21,
            22,
            24
          ],
          [
            0,
            3,
            4,
            6,
            7,
            8,
            11,
            13,
            15,
            16,
            17,
            18,
            19,
            20,
            23
          ]
        ]
      ],
      "column-hypers": {
        "column_a": {
          "m": 7.174473339940146,
          "r": 1.5748041437985787,
          "s": 0.23950266199874845,
          "nu": 1.906642661893268
        },
        "column_b": {
          "m": 5.31757597583632,
          "r": 0.5,
          "s": 0.010000000000000004,
          "nu": 1.5012943823463352
        },
        "column_c": {
          "m": 6.627576751286628,
          "r": 1.501294382346335,
          "s": 0.0573615251044868,
          "nu": 1.7747135790310382
        },
        "column_d": {
          "m": 5.318838828589004,
          "r": 0.6987065745784212,
          "s": 0.03039195382313199,
          "nu": 1.0489642553230345
        }
      }
    }
  ]
}