{
  "column-statistical-types": {
    "column_a": "numerical",
    "column_b": "numerical",
    "column_c": "numerical",
    "column_d": "numerical"
  },
  "categories": {},
  "models": [
    {
      "column-partition": [
        [
          "column_d"
        ],
        [
          "column_c",
          "column_a",
          "column_b"
        ]
      ],
      "cluster-crp-hyperparameters": [
        1.0,
        1.182122307190268
      ],
      "clusters": [
        [
          [
            0
          ],
          [
            2
          ],
          [
            1
          ]
        ],
        [
          [
            0,
            1,
            2
          ]
        ]
      ],
      "column-hypers": {
        "column_a": {
          "m": 6.657231960629802,
          "r": 1.240004045662587,
          "s": 0.28072162039411763,
          "nu": 1.6918723112109335
        },
        "column_b": {
          "m": 5.31757597583632,
          "r": 1.4312159587211128,
          "s": 0.022122162910704495,
          "nu": 1.5012943823463352
        },
        "column_c": {
          "m": 6.972404337493525,
          "r": 0.6660918816182642,
          "s": 0.7278953843983149,
          "nu": 1.2699991982341425
        },
        "column_d": {
          "m": 6.180907794106245,
          "r": 0.6987065745784212,
          "s": 0.10826367338740543,
          "nu": 1.9527635094364437
        }
      }
    }
  ]
}