{
  "column-statistical-types": {
    "column_a": "numerical",
    "column_b": "numerical",
    "column_c": "numerical",
    "column_d": "numerical"
  },
  "categories": {},
  "models": [
    {
      "column-partition": [
        [
          "column_b",
          "column_a",
          "column_d",
          "column_c"
        ]
      ],
      "cluster-crp-hyperparameters": [
        0.48819087735911093
      ],
      "clusters": [
        [
          [
            1,
            2,
            5,
            9,
            10,
            12,
            14,
            21,
            22,
            24,
            26,
            27,
            28,
            30,
            31,
            33,
            36,
            38,
            39,
            40,
            41,
            42,
            46,
            50,
            56,
            57,
            59,
            61,
            62,
            63,
            64,
            67,
            68,
            70,
            72,
            73,
            74,
            75,
            78,
            79,
            80,
            84,
            88,
            89
          ],
          [
            0,
            3,
            4,
            6,
            7,
            8,
            11,
            13,
            15,
            16,
            17,
            18,
            19,
            20,
            23,
            25,
            29,
            32,
            34,
            35,
            37,
            43,
            44,
            45,
            47,
            48,
            49,
            51,
            52,
            53,
            54,
            55,
            58,
            60,
            65,
            66,
            69,
            71,
            76,
            77,
            81,
            82,
            83,
            85,
            86,
            87
          ]
        ]
      ],
      "column-hypers": {
        "column_a": {
          "m": 6.657231960629802,
          "r": 0.6987065745784212,
          "s": 0.018873918221350976,
          "nu": 1.0241895602489972
        },
        "column_b": {
          "m": 5.31757597583632,
          "r": 0.9763817547182219,
          "s": 0.011721022975334809,
          "nu": 1.7327979584165807
        },
        "column_c": {
          "m": 6.799990544390076,
          "r": 1.6519132559793048,
          "s": 0.04175318936560401,
          "nu": 1.1003260089454083
        },
        "column_d": {
          "m": 5.491252621692452,
          "r": 0.9308055539199852,
          "s": 0.06723357536499339,
          "nu": 1.7747135790310382
        }
      }
    }
  ]
}