{
  "column-statistical-types": {
    "column_a": "numerical",
    "column_b": "numerical",
    "column_c": "numerical",
    "column_d": "numerical"
  },
  "categories": {},
  "models": [
    {
      "column-partition": [
        [
          "column_b",
          "column_a",
          "column_d",
          "column_c"
        ]
      ],
      "cluster-crp-hyperparameters": [
        1.6918723112109333
      ],
      "clusters": [
        [
          [
            1,
            2,
            5,
            9,
            10,
            12,
            14,
            21,
            22,
            24,
            26,
            27,
            28,
            30,
            31,
            33,
            36,
            38,
            39,
            40,
            41,
            42,
            46,
            50
          ],
          [
            0,
            3,
            4,
            6,
            7,
            8,
            11,
            13,
            15,
            16,
            17,
            18,
            19,
            20,
            23,
            25,
            29,
            32,
            34,
            35,
            37,
            43,
            44,
            45,
            47,
            48,
            49,
            51,
            52
          ]
        ]
      ],
      "column-hypers": {
        "column_a": {
          "m": 6.82964575373325,
          "r": 0.6349995991170713,
          "s": 0.12689610031679222,
          "nu": 1.0743382393762158
        },
        "column_b": {
          "m": 5.31757597583632,
          "r": 1.126942411232332,
          "s": 0.010000000000000004,
          "nu": 1.6519132559793048
        },
        "column_c": {
          "m": 6.799990544390076,
          "r": 1.906642661893268,
          "s": 0.010000000000000004,
          "nu": 1.3007199203560056
        },
        "column_d": {
          "m": 5.318838828589004,
          "r": 1.501294382346335,
          "s": 0.025929437974046683,
          "nu": 1.906642661893268
        }
      }
    }
  ]
}