{
  "column-statistical-types": {
    "column_a": "numerical",
    "column_b": "numerical",
    "column_c": "numerical",
    "column_d": "numerical"
  },
  "categories": {},
  "models": [
    {
      "column-partition": [
        [
          "column_b",
          "column_a",
          "column_d",
          "column_c"
        ]
      ],
      "cluster-crp-hyperparameters": [
        0.7156079793605564
      ],
      "clusters": [
        [
          [
            1,
            2,
            5,
            9,
            10,
            12,
            14,
            21,
            22,
            24,
            26,
            27,
            28,
            30,
            31,
            33,
            36,
            38,
            39,
            40,
            41,
            42,
            46,
            50,
            56,
            57,
            59,
            61,
            62,
            63,
            64,
            67,
            68,
            70,
            72,
            73,
            74,
            75
          ],
          [
            0,
            3,
            4,
            6,
            7,
            8,
            11,
            13,
            15,
            16,
            17,
            19,
            20,
            23,
            25,
            29,
            32,
            34,
            35,
            37,
            43,
            44,
            45,
            47,
            48,
            49,
            51,
            52,
            53,
            55,
            58,
            60,
            65,
            66,
            69,
            71,
            76
          ],
          [
            18,
            54
          ]
        ]
      ],
      "column-hypers": {
        "column_a": {
          "m": 6.657231960629802,
          "r": 0.5771013262929935,
          "s": 0.06723357536499339,
          "nu": 1.0
        },
        "column_b": {
          "m": 5.31757597583632,
          "r": 0.5771013262929935,
          "s": 0.010000000000000004,
          "nu": 1.0
        },
        "column_c": {
          "m": 6.799990544390076,
          "r": 1.732797958416581,
          "s": 0.011721022975334809,
          "nu": 1.7747135790310382
        },
        "column_d": {
          "m": 5.318838828589004,
          "r": 0.8064489817576824,
          "s": 0.022122162910704495,
          "nu": 1.9527635094364437
        }
      }
    }
  ]
}