{
  "column-statistical-types": {
    "column_a": "numerical",
    "column_b": "numerical",
    "column_c": "numerical",
    "column_d": "numerical"
  },
  "categories": {},
  "models": [
    {
      "column-partition": [
        [
          "column_b",
          "column_a",
          "column_d",
          "column_c"
        ]
      ],
      "cluster-crp-hyperparameters": [
        0.366459110845981
      ],
      "clusters": [
        [
          [
            1,
            2,
            5,
            9,
            10,
            12,
            14,
            21,
            22,
            24,
            26,
            27,
            28,
            30,
            31,
            33,
            36
          ],
          [
            0,
            3,
            4,
            6,
            7,
            8,
            11,
            13,
            15,
            16,
            17,
            18,
            19,
            20,
            23,
            25,
            29,
            32,
            34,
            35
          ]
        ]
      ],
      "column-hypers": {
        "column_a": {
          "m": 7.174473339940146,
          "r": 0.6349995991170713,
          "s": 0.0573615251044868,
          "nu": 1.240004045662587
        },
        "column_b": {
          "m": 5.31757597583632,
          "r": 0.6987065745784212,
          "s": 0.013738237958832639,
          "nu": 1.906642661893268
        },
        "column_c": {
          "m": 6.627576751286628,
          "r": 1.732797958416581,
          "s": 0.09236708571873864,
          "nu": 1.906642661893268
        },
        "column_d": {
          "m": 5.318838828589004,
          "r": 0.8064489817576824,
          "s": 0.013738237958832639,
          "nu": 1.906642661893268
        }
      }
    }
  ]
}