{
  "column-statistical-types": {
    "column_a": "numerical",
    "column_b": "numerical",
    "column_c": "numerical",
    "column_d": "numerical"
  },
  "categories": {},
  "models": [
    {
      "column-partition": [
        [
          "column_b",
          "column_a",
          "column_d",
          "column_c"
        ]
      ],
      "cluster-crp-hyperparameters": [
        0.3026793314904327
      ],
      "clusters": [
        [
          [
            1,
            2,
            5,
            9,
            10,
            12,
            14,
            21,
            22,
            24,
            26,
            27
          ],
          [
            0,
            3,
            4,
            6,
            7,
            8,
            11,
            13,
            15,
            16,
            17,
            18,
            19,
            20,
            23,
            25
          ]
        ]
      ],
      "column-hypers": {
        "column_a": {
          "m": 7.002059546836699,
          "r": 0.6349995991170713,
          "s": 0.14873521072935117,
          "nu": 1.7327979584165807
        },
        "column_b": {
          "m": 5.31757597583632,
          "r": 1.6519132559793048,
          "s": 0.013738237958832639,
          "nu": 1.8176431200757233
        },
        "column_c": {
          "m": 6.627576751286628,
          "r": 1.6519132559793048,
          "s": 0.12689610031679222,
          "nu": 1.7327979584165807
        },
        "column_d": {
          "m": 5.491252621692452,
          "r": 0.9308055539199852,
          "s": 0.03039195382313199,
          "nu": 1.431215958721113
        }
      }
    }
  ]
}