{
  "column-statistical-types": {
    "column_a": "numerical",
    "column_b": "numerical",
    "column_c": "numerical",
    "column_d": "numerical"
  },
  "categories": {},
  "models": [
    {
      "column-partition": [
        [
          "column_b",
          "column_a",
          "column_d",
          "column_c"
        ]
      ],
      "cluster-crp-hyperparameters": [
        3.635286240151446
      ],
      "clusters": [
        [
          [
            1,
            2,
            5,
            9,
            10,
            12
          ],
          [
            0,
            3,
            4,
            7,
            8,
            11
          ],
          [
            6
          ]
        ]
      ],
      "column-hypers": {
        "column_a": {
          "m": 6.82964575373325,
          "r": 0.8873567895155191,
          "s": 0.12689610031679222,
          "nu": 1.906642661893268
        },
        "column_b": {
          "m": 5.489989768939768,
          "r": 0.5771013262929935,
          "s": 0.018873918221350976,
          "nu": 1.7747135790310382
        },
        "column_c": {
          "m": 6.972404337493525,
          "r": 0.5771013262929935,
          "s": 0.018873918221350976,
          "nu": 1.3644087026400742
        },
        "column_d": {
          "m": 5.318838828589004,
          "r": 1.4312159587211128,
          "s": 0.07880462815669913,
          "nu": 1.906642661893268
        }
      }
    }
  ]
}