{
  "column-statistical-types": {
    "column_a": "numerical",
    "column_b": "numerical",
    "column_c": "numerical",
    "column_d": "numerical"
  },
  "categories": {},
  "models": [
    {
      "column-partition": [
        [
          "column_b",
          "column_a",
          "column_d",
          "column_c"
        ]
      ],
      "cluster-crp-hyperparameters": [
        0.44367839475775955
      ],
      "clusters": [
        [
          [
            1,
            2,
            5,
            9,
            10,
            12,
            14,
            21,
            22,
            24,
            26,
            27,
            28,
            30,
            31,
            33,
            36,
            38,
            39,
            40,
            41,
            42,
            46,
            50,
            56,
            57,
            59,
            61
          ],
          [
            0,
            3,
            4,
            6,
            7,
            8,
            11,
            13,
            15,
            16,
            17,
            18,
            19,
            20,
            23,
            25,
            29,
            32,
            34,
            35,
            37,
            43,
            44,
            45,
            47,
            48,
            49,
            51,
            52,
            53,
            54,
            55,
            58,
            60
          ]
        ]
      ],
      "column-hypers": {
        "column_a": {
          "m": 7.002059546836699,
          "r": 0.6053586629808654,
          "s": 0.14873521072935117,
          "nu": 1.6918723112109335
        },
        "column_b": {
          "m": 5.31757597583632,
          "r": 0.8064489817576824,
          "s": 0.011721022975334809,
          "nu": 1.8176431200757233
        },
        "column_c": {
          "m": 6.627576751286628,
          "r": 0.5,
          "s": 0.016102620275609394,
          "nu": 1.1542026525859868
        },
        "column_d": {
          "m": 5.318838828589004,
          "r": 1.182122307190268,
          "s": 0.03039195382313199,
          "nu": 1.906642661893268
        }
      }
    }
  ]
}