{
  "column-statistical-types": {
    "age": "numerical",
    "bmi": "numerical",
    "response_t_1": "nominal",
    "gender": "nominal",
    "pharma_kin_t_1": "numerical",
    "rating_t_1": "nominal",
    "antigen_t_1": "numerical"
  },
  "categories": {
    "rating_t_2": [
      "False",
      "True"
    ],
    "response_t_1": [
      "False",
      "True"
    ],
    "gender": [
      "False",
      "True"
    ],
    "response_t_3": [
      "False",
      "True"
    ],
    "rating_t_1": [
      "False",
      "True"
    ],
    "response_t_2": [
      "False",
      "True"
    ]
  },
  "models": [
    {
      "column-partition": [
        [
          "age",
          "bmi",
          "gender"
        ],
        [
          "antigen_t_1",
          "pharma_kin_t_1",
          "rating_t_1",
          "response_t_1"
        ]
      ],
      "cluster-crp-hyperparameters": [
        1.6519132559793048,
        0.4751264047881684
      ],
      "clusters": [
        [
          [
            0,
            1,
            3,
            7,
            10,
            11,
            13,
            14,
            17,
            19
          ],
          [
            4,
            5,
            6,
            8,
            9,
            12,
            15,
            16
          ],
          [
            18
          ],
          [
            2
          ]
        ],
        [
          [
            1,
            4,
            6,
            10,
            11,
            13,
            15,
            19
          ],
          [
            0,
            2,
            3,
            9,
            12,
            17
          ],
          [
            5,
            7,
            8,
            14,
            16,
            18
          ]
        ]
      ],
      "column-hypers": {
        "age": {
          "m": 33.163814421074456,
          "r": 0.5,
          "s": 0.385662042116347,
          "nu": 1.9527635094364437
        },
        "bmi": {
          "m": 23.472951602920737,
          "r": 1.126942411232332,
          "s": 0.016102620275609394,
          "nu": 1.4658364433839237
        },
        "response_t_1": {
          "alpha": 1.0
        },
        "gender": {
          "alpha": 1.0
        },
        "pharma_kin_t_1": {
          "m": 7.202585842542385,
          "r": 0.5771013262929935,
          "s": 0.10826367338740543,
          "nu": 1.8176431200757233
        },
        "rating_t_1": {
          "alpha": 1.0
        },
        "antigen_t_1": {
          "m": 7.341152869549006,
          "r": 0.5501630044727042,
          "s": 0.013738237958832639,
          "nu": 1.906642661893268
        }
      }
    }
  ]
}