{
  "column-statistical-types": {
    "column_a": "numerical",
    "column_b": "numerical",
    "column_c": "numerical",
    "column_d": "numerical"
  },
  "categories": {},
  "models": [
    {
      "column-partition": [
        [
          "column_b",
          "column_a",
          "column_d",
          "column_c"
        ]
      ],
      "cluster-crp-hyperparameters": [
        0.2750815022363521
      ],
      "clusters": [
        [
          [
            1,
            2,
            5,
            9,
            10,
            12,
            14,
            21,
            22,
            24,
            26,
            27,
            28,
            30,
            31,
            33,
            36,
            38,
            39,
            40,
            41,
            42
          ],
          [
            0,
            3,
            4,
            6,
            7,
            8,
            11,
            13,
            15,
            16,
            17,
            18,
            19,
            20,
            23,
            25,
            29,
            32,
            34,
            35,
            37,
            43,
            44,
            45
          ]
        ]
      ],
      "column-hypers": {
        "column_a": {
          "m": 6.82964575373325,
          "r": 0.5501630044727042,
          "s": 0.20433597178569418,
          "nu": 1.537610033259583
        },
        "column_b": {
          "m": 5.31757597583632,
          "r": 0.7688050166297915,
          "s": 0.013738237958832639,
          "nu": 1.9527635094364437
        },
        "column_c": {
          "m": 6.627576751286628,
          "r": 2.0,
          "s": 0.03039195382313199,
          "nu": 1.0743382393762158
        },
        "column_d": {
          "m": 5.318838828589004,
          "r": 0.8459361556054668,
          "s": 0.018873918221350976,
          "nu": 1.1542026525859868
        }
      }
    }
  ]
}