{
  "column-statistical-types": {
    "column_a": "numerical",
    "column_b": "numerical",
    "column_c": "numerical",
    "column_d": "numerical"
  },
  "categories": {},
  "models": [
    {
      "column-partition": [
        [
          "column_b",
          "column_a",
          "column_d",
          "column_c"
        ]
      ],
      "cluster-crp-hyperparameters": [
        0.3330459408091321
      ],
      "clusters": [
        [
          [
            1,
            2,
            5,
            9,
            10,
            12,
            14,
            21,
            22,
            24,
            26,
            27,
            28,
            30,
            31,
            33,
            36,
            38,
            39,
            40,
            41,
            42
          ],
          [
            0,
            3,
            4,
            6,
            7,
            8,
            11,
            13,
            15,
            16,
            17,
            18,
            19,
            20,
            23,
            25,
            29,
            32,
            34,
            35,
            37,
            43,
            44
          ]
        ]
      ],
      "column-hypers": {
        "column_a": {
          "m": 7.3468871330435945,
          "r": 0.7329182216919619,
          "s": 0.04893900918477494,
          "nu": 1.0489642553230345
        },
        "column_b": {
          "m": 5.31757597583632,
          "r": 1.240004045662587,
          "s": 0.010000000000000004,
          "nu": 1.4658364433839237
        },
        "column_c": {
          "m": 6.799990544390076,
          "r": 1.501294382346335,
          "s": 0.23950266199874845,
          "nu": 1.4658364433839237
        },
        "column_d": {
          "m": 5.318838828589004,
          "r": 0.5501630044727042,
          "s": 0.025929437974046683,
          "nu": 1.906642661893268
        }
      }
    }
  ]
}